time,T_in
0,771.08157
1,771.091691
2,771.098369
3,771.088016
4,771.084061
5,771.077434
6,771.064414
7,771.046895
8,771.041953
9,771.018386
10,770.99867
11,770.991495
12,770.979628
13,770.964593
14,770.961541
15,770.953123
16,770.944582
17,770.928607
18,770.928372
19,770.911197
20,770.894163
21,770.90275
22,770.892812
23,770.868637
24,770.829996
25,770.828539
26,770.824025
27,770.812944
28,770.786943
29,770.77743
30,770.759293
31,770.754354
32,770.766933
33,770.750354
34,770.735446
35,770.733881
36,770.707865
37,770.680215
38,770.661461
39,770.651163
40,770.626731
41,770.602705
42,770.581824
43,770.555456
44,770.559555
45,770.536547
46,770.520029
47,770.503054
48,770.47481
49,770.452623
50,770.441675
51,770.410817
52,770.380636
53,770.364615
54,770.349199
55,770.307771
56,770.310813
57,770.277415
58,770.253148
59,770.246419
60,770.235042
61,770.202996
62,770.17497
63,770.130727
64,770.120099
65,770.111241
66,770.058841
67,770.049877
68,770.018191
69,769.985614
70,769.974511
71,769.935924
72,769.917446
73,769.888066
74,769.872426
75,769.835493
76,769.799151
77,769.771838
78,769.739775
79,769.711629
80,769.678735
81,769.661574
82,769.639231
83,769.610097
84,769.581268
85,769.541805
86,769.527689
87,769.477859
88,769.45399
89,769.418863
90,769.390343
91,769.348532
92,769.318761
93,769.29955
94,769.236519
95,769.203972
96,769.180047
97,769.138452
98,769.092949
99,769.060806
100,769.033591
101,768.9929
102,768.966518
103,768.929509
104,768.896985
105,768.868989
106,768.826957
107,768.785212
108,768.744721
109,768.696077
110,768.666325
111,768.629469
112,768.587012
113,768.552325
114,768.508062
115,768.484138
116,768.432112
117,768.387937
118,768.348984
119,768.319424
120,768.27141
121,768.239501
122,768.19904
123,768.155282
124,768.103925
125,768.04852
126,768.022024
127,767.964494
128,767.923436
129,767.884388
130,767.844314
131,767.800686
132,767.759937
133,767.727993
134,767.693286
135,767.646502
136,767.594567
137,767.558366
138,767.513187
139,767.452981
140,767.414598
141,767.380721
142,767.332957
143,767.281516
144,767.233335
145,767.199594
146,767.13726
147,767.095028
148,767.049748
149,766.990378
150,766.943665
151,766.891065
152,766.844836
153,766.779489
154,766.720159
155,766.693563
156,766.643377
157,766.583228
158,766.518741
159,766.483057
160,766.415451
161,766.371315
162,766.311446
163,766.27258
164,766.23118
165,766.186501
166,766.131712
167,766.064881
168,766.001821
169,765.964969
170,765.911632
171,765.862852
172,765.813121
173,765.768461
174,765.708564
175,765.636614
176,765.584312
177,765.543556
178,765.482237
179,765.428182
180,765.367376
181,765.329955
182,765.274798
183,765.206985
184,765.160194
185,765.116331
186,765.072342
187,764.993628
188,764.947004
189,764.883855
190,764.827471
191,764.767043
192,764.703824
193,764.64481
194,764.584582
195,764.527974
196,764.481478
197,764.413624
198,764.342798
199,764.2979
200,764.240637
201,764.184246
202,764.129521
203,764.078991
204,764.00631
205,763.955863
206,763.883587
207,763.822042
208,763.768625
209,763.698077
210,763.651244
211,763.599761
212,763.523384
213,763.46571
214,763.412643
215,763.35726
216,763.293421
217,763.233677
218,763.193333
219,763.126011
220,763.046739
221,762.992581
222,762.949691
223,762.886371
224,762.806365
225,762.748466
226,762.690803
227,762.618451
228,762.5657
229,762.493215
230,762.455383
231,762.381301
232,762.336165
233,762.284069
234,762.207263
235,762.143891
236,762.080973
237,762.02391
238,761.945781
239,761.899168
240,761.829697
241,761.759906
242,761.687212
243,761.625913
244,761.558636
245,761.488755
246,761.433432
247,761.376962
248,761.318569
249,761.254893
250,761.185183
251,761.135221
252,761.059146
253,761.008417
254,760.934882
255,760.859772
256,760.77449
257,760.706994
258,760.631494
259,760.553381
260,760.515087
261,760.446526
262,760.356007
263,760.283927
264,760.214682
265,760.166045
266,760.103744
267,760.027071
268,759.9778
269,759.903865
270,759.82166
271,759.766631
272,759.705688
273,759.63548
274,759.560226
275,759.50347
276,759.428441
277,759.3573
278,759.272809
279,759.227491
280,759.162407
281,759.096247
282,759.036025
283,758.975209
284,758.891434
285,758.8154
286,758.766896
287,758.699868
288,758.637373
289,758.569042
290,758.506492
291,758.42172
292,758.349718
293,758.278868
294,758.219296
295,758.136461
296,758.076366
297,758.025907
298,757.948793
299,757.875569
300,757.809169
301,757.731858
302,757.650049
303,757.581553
304,757.525026
305,757.430095
306,757.373415
307,757.312987
308,757.247991
309,757.173654
310,757.093191
311,757.029677
312,756.938041
313,756.872541
314,756.804377
315,756.726471
316,756.648694
317,756.596707
318,756.507782
319,756.429377
320,756.372448
321,756.307003
322,756.224345
323,756.138086
324,756.089625
325,756.00749
326,755.922281
327,755.853031
328,755.787819
329,755.703701
330,755.621218
331,755.555005
332,755.48145
333,755.39779
334,755.330159
335,755.248298
336,755.176941
337,755.116251
338,755.04699
339,754.969101
340,754.899832
341,754.83595
342,754.753352
343,754.696977
344,754.63995
345,754.560009
346,754.481631
347,754.410348
348,754.331925
349,754.256664
350,754.201537
351,754.122278
352,754.038133
353,753.958214
354,753.902986
355,753.807995
356,753.740884
357,753.67349
358,753.597802
359,753.514899
360,753.436563
361,753.359685
362,753.290168
363,753.221507
364,753.137235
365,753.053842
366,752.978167
367,752.924938
368,752.856351
369,752.798456
370,752.716704
371,752.634974
372,752.548858
373,752.474147
374,752.408537
375,752.334467
376,752.257796
377,752.175023
378,752.103381
379,752.03296
380,751.937415
381,751.871573
382,751.802315
383,751.707947
384,751.660172
385,751.582155
386,751.499226
387,751.426522
388,751.352219
389,751.267164
390,751.195632
391,751.137549
392,751.044863
393,750.97048
394,750.884587
395,750.82749
396,750.736401
397,750.670897
398,750.598051
399,750.513947
400,750.438844
401,750.395483
402,750.295664
403,750.225319
404,750.161539
405,750.071644
406,749.985896
407,749.92796
408,749.857725
409,749.77341
410,749.700471
411,749.625687
412,749.548023
413,749.470701
414,749.385884
415,749.306319
416,749.234345
417,749.149509
418,749.07061
419,748.988685
420,748.912178
421,748.831945
422,748.744271
423,748.67448
424,748.607894
425,748.515232
426,748.439321
427,748.369561
428,748.28819
429,748.213633
430,748.124216
431,748.049141
432,747.963099
433,747.92068
434,747.824203
435,747.751991
436,747.683928
437,747.598506
438,747.530164
439,747.453571
440,747.361454
441,747.289995
442,747.213454
443,747.148518
444,747.054446
445,746.990458
446,746.914302
447,746.826707
448,746.758505
449,746.682957
450,746.601153
451,746.519391
452,746.449125
453,746.3724
454,746.294019
455,746.218216
456,746.124017
457,746.05188
458,745.985664
459,745.898843
460,745.814871
461,745.759774
462,745.682151
463,745.607361
464,745.536707
465,745.467471
466,745.377757
467,745.303253
468,745.222448
469,745.145116
470,745.087202
471,745.007475
472,744.923129
473,744.85865
474,744.778691
475,744.698835
476,744.623899
477,744.54818
478,744.484218
479,744.410557
480,744.334172
481,744.232795
482,744.162871
483,744.092192
484,744.01522
485,743.951361
486,743.866547
487,743.782659
488,743.707215
489,743.62901
490,743.533604
491,743.463419
492,743.378049
493,743.305833
494,743.230163
495,743.150997
496,743.081051
497,743.001901
498,742.911996
499,742.835659
500,742.761612
501,742.683184
502,742.597335
503,742.538852
504,742.46404
505,742.378539
506,742.317295
507,742.223968
508,742.148869
509,742.084488
510,741.990115
511,741.918052
512,741.837907
513,741.763945
514,741.694836
515,741.617159
516,741.527918
517,741.444111
518,741.364749
519,741.27641
520,741.219232
521,741.125559
522,741.051518
523,740.986866
524,740.88279
525,740.821061
526,740.756167
527,740.682496
528,740.586595
529,740.513845
530,740.439846
531,740.36402
532,740.287746
533,740.216172
534,740.11334
535,740.056445
536,739.980212
537,739.884771
538,739.826403
539,739.726355
540,739.642198
541,739.584506
542,739.490007
543,739.425559
544,739.34798
545,739.262413
546,739.188623
547,739.111308
548,739.038404
549,738.944966
550,738.890348
551,738.778559
552,738.701863
553,738.61624
554,738.542248
555,738.442837
556,738.387651
557,738.33007
558,738.238155
559,738.172977
560,738.101591
561,738.024858
562,737.95775
563,737.885705
564,737.783936
565,737.71385
566,737.636006
567,737.553668
568,737.494519
569,737.409306
570,737.330488
571,737.263276
572,737.179492
573,737.125806
574,737.040504
575,736.942524
576,736.875255
577,736.806336
578,736.718626
579,736.659933
580,736.569807
581,736.505247
582,736.412612
583,736.31879
584,736.249246
585,736.169246
586,736.076489
587,736.016248
588,735.934294
589,735.845561
590,735.781163
591,735.699873
592,735.634509
593,735.562132
594,735.475518
595,735.40753
596,735.333791
597,735.256856
598,735.179418
599,735.103996
600,735.022352
601,734.969679
602,734.878221
603,734.801532
604,734.742887
605,734.664964
606,734.59042
607,734.51627
608,734.439727
609,734.383457
610,734.287189
611,734.230365
612,734.159105
613,734.071774
614,733.98382
615,733.932552
616,733.845198
617,733.773535
618,733.695509
619,733.621842
620,733.553964
621,733.476434
622,733.41135
623,733.336141
624,733.273912
625,733.144068
626,733.092442
627,732.998167
628,732.934465
629,732.867576
630,732.773285
631,732.699373
632,732.638599
633,732.554137
634,732.469697
635,732.419365
636,732.305104
637,732.241601
638,732.15845
639,732.080138
640,732.022278
641,731.916036
642,731.838324
643,731.763003
644,731.684088
645,731.608501
646,731.519913
647,731.461944
648,731.369659
649,731.29909
650,731.206796
651,731.136128
652,731.051337
653,730.977255
654,730.915221
655,730.85467
656,730.760076
657,730.681947
658,730.59897
659,730.520808
660,730.467058
661,730.382175
662,730.314308
663,730.250266
664,730.164918
665,730.099598
666,730.024365
667,729.945166
668,729.871346
669,729.813791
670,729.718663
671,729.644554
672,729.575215
673,729.488371
674,729.408817
675,729.34539
676,729.262435
677,729.194045
678,729.101875
679,729.026586
680,728.945003
681,728.86774
682,728.781546
683,728.718703
684,728.64127
685,728.567837
686,728.487109
687,728.397917
688,728.33433
689,728.253427
690,728.19316
691,728.135903
692,728.048921
693,727.951795
694,727.88288
695,727.808612
696,727.735639
697,727.663905
698,727.587369
699,727.504913
700,727.440408
701,727.362474
702,727.294588
703,727.230884
704,727.143484
705,727.065039
706,726.996629
707,726.904503
708,726.834557
709,726.754454
710,726.680815
711,726.622202
712,726.550224
713,726.466479
714,726.404148
715,726.315142
716,726.237214
717,726.164712
718,726.102821
719,726.023345
720,725.951925
721,725.86824
722,725.782918
723,725.727296
724,725.647754
725,725.57521
726,725.513896
727,725.418574
728,725.367205
729,725.2735
730,725.188084
731,725.121373
732,725.03817
733,724.956927
734,724.886253
735,724.819322
736,724.735243
737,724.669906
738,724.581995
739,724.511871
740,724.44424
741,724.379124
742,724.285037
743,724.219205
744,724.145935
745,724.082801
746,724.009483
747,723.922811
748,723.839358
749,723.759827
750,723.687291
751,723.620213
752,723.52923
753,723.473744
754,723.394594
755,723.30713
756,723.236224
757,723.170785
758,723.096754
759,723.017187
760,722.959429
761,722.857337
762,722.800027
763,722.716856
764,722.661225
765,722.585135
766,722.495463
767,722.427649
768,722.368507
769,722.274939
770,722.190695
771,722.132593
772,722.059069
773,721.986219
774,721.922875
775,721.839445
776,721.763964
777,721.689216
778,721.619564
779,721.536586
780,721.487801
781,721.386729
782,721.31352
783,721.247038
784,721.159851
785,721.101386
786,721.0224
787,720.944076
788,720.878808
789,720.794553
790,720.724554
791,720.640686
792,720.542629
793,720.474595
794,720.374613
795,720.31363
796,720.232344
797,720.152765
798,720.091326
799,720.01586
800,719.92551
801,719.842493
802,719.775079
803,719.707856
804,719.639634
805,719.55708
806,719.489693
807,719.422355
808,719.348007
809,719.296372
810,719.214145
811,719.151861
812,719.060941
813,719.005557
814,718.937286
815,718.875368
816,718.793732
817,718.725252
818,718.669533
819,718.581166
820,718.505384
821,718.432552
822,718.34787
823,718.267266
824,718.226277
825,718.120352
826,718.043777
827,717.979642
828,717.889461
829,717.829134
830,717.745531
831,717.673201
832,717.595791
833,717.51495
834,717.44575
835,717.389432
836,717.306387
837,717.235111
838,717.157199
839,717.09355
840,717.02203
841,716.934788
842,716.859382
843,716.791081
844,716.719486
845,716.632496
846,716.567229
847,716.497909
848,716.431377
849,716.366125
850,716.264433
851,716.19027
852,716.132287
853,716.03924
854,715.953904
855,715.880099
856,715.806099
857,715.731906
858,715.678788
859,715.605683
860,715.539243
861,715.469132
862,715.3774
863,715.3121
864,715.234974
865,715.151611
866,715.088407
867,715.00904
868,714.931482
869,714.878607
870,714.792497
871,714.712371
872,714.636426
873,714.560456
874,714.491488
875,714.402141
876,714.339556
877,714.271748
878,714.184724
879,714.120346
880,714.053701
881,713.989676
882,713.923332
883,713.863978
884,713.786792
885,713.713677
886,713.651674
887,713.55676
888,713.498951
889,713.419411
890,713.355545
891,713.283928
892,713.206924
893,713.140273
894,713.062581
895,712.994547
896,712.923768
897,712.861047
898,712.787906
899,712.716369
900,712.632948
901,712.579373
902,712.49736
903,712.425651
904,712.348544
905,712.282794
906,712.19817
907,712.140436
908,712.059194
909,711.979395
910,711.907774
911,711.832048
912,711.753524
913,711.681107
914,711.614067
915,711.536197
916,711.468021
917,711.395234
918,711.348859
919,711.248832
920,711.192101
921,711.114503
922,711.040405
923,710.974731
924,710.907982
925,710.833517
926,710.771354
927,710.693676
928,710.625674
929,710.552148
930,710.482215
931,710.405337
932,710.330739
933,710.258721
934,710.20654
935,710.119363
936,710.06427
937,709.999925
938,709.922573
939,709.855286
940,709.801296
941,709.722649
942,709.642691
943,709.56714
944,709.494841
945,709.442704
946,709.362365
947,709.285154
948,709.216988
949,709.136694
950,709.072512
951,709.004863
952,708.917047
953,708.856001
954,708.78371
955,708.715301
956,708.650056
957,708.562873
958,708.494233
959,708.432007
960,708.343008
961,708.277827
962,708.21817
963,708.133357
964,708.060539
965,708.000205
966,707.9148
967,707.853579
968,707.79124
969,707.732034
970,707.649716
971,707.568758
972,707.508619
973,707.426527
974,707.355673
975,707.281589
976,707.221428
977,707.146043
978,707.061228
979,706.999591
980,706.914791
981,706.836962
982,706.788465
983,706.703502
984,706.637242
985,706.583039
986,706.505684
987,706.441537
988,706.353427
989,706.304876
990,706.232186
991,706.151417
992,706.083606
993,706.009984
994,705.93484
995,705.866892
996,705.791118
997,705.713167
998,705.649706
999,705.573197
1000,705.505428
1001,705.413047
1002,705.356
1003,705.29314
1004,705.226842
1005,705.152739
1006,705.060682
1007,704.997559
1008,704.942603
1009,704.863045
1010,704.789794
1011,704.723828
1012,704.669198
1013,704.595867
1014,704.513997
1015,704.443059
1016,704.365681
1017,704.281296
1018,704.20722
1019,704.158221
1020,704.074961
1021,704.008094
1022,703.942945
1023,703.85728
1024,703.791057
1025,703.749051
1026,703.655462
1027,703.596501
1028,703.544417
1029,703.47432
1030,703.405373
1031,703.334602
1032,703.268445
1033,703.212496
1034,703.136302
1035,703.063981
1036,703.003656
1037,702.936881
1038,702.850588
1039,702.79247
1040,702.714995
1041,702.642194
1042,702.572626
1043,702.508318
1044,702.438378
1045,702.373167
1046,702.299092
1047,702.233381
1048,702.168116
1049,702.086476
1050,702.019522
1051,701.956974
1052,701.869871
1053,701.828089
1054,701.754354
1055,701.671311
1056,701.613533
1057,701.524078
1058,701.460101
1059,701.387326
1060,701.317449
1061,701.242212
1062,701.188287
1063,701.106051
1064,701.027609
1065,700.971708
1066,700.902525
1067,700.826874
1068,700.762632
1069,700.686546
1070,700.615885
1071,700.555998
1072,700.481356
1073,700.419938
1074,700.342503
1075,700.272279
1076,700.192783
1077,700.137689
1078,700.05807
1079,700.014083
1080,699.924784
1081,699.846641
1082,699.773134
1083,699.718101
1084,699.655346
1085,699.559061
1086,699.510163
1087,699.448327
1088,699.371909
1089,699.307137
1090,699.227623
1091,699.153831
1092,699.099649
1093,699.022349
1094,698.93982
1095,698.875522
1096,698.815401
1097,698.738277
1098,698.659148
1099,698.612574
1100,698.546324
1101,698.478641
1102,698.403597
1103,698.3463
1104,698.274144
1105,698.197734
1106,698.135386
1107,698.059515
1108,697.974333
1109,697.922247
1110,697.848483
1111,697.789177
1112,697.703256
1113,697.641285
1114,697.588853
1115,697.519771
1116,697.447785
1117,697.37909
1118,697.310332
1119,697.250786
1120,697.174196
1121,697.094629
1122,697.038069
1123,696.969899
1124,696.897064
1125,696.818194
1126,696.756435
1127,696.674736
1128,696.618569
1129,696.529353
1130,696.489066
1131,696.416546
1132,696.338101
1133,696.277121
1134,696.205474
1135,696.157097
1136,696.078692
1137,695.997581
1138,695.93513
1139,695.860647
1140,695.798645
1141,695.741338
1142,695.672939
1143,695.590801
1144,695.544245
1145,695.469555
1146,695.39039
1147,695.322405
1148,695.262944
1149,695.195274
1150,695.121318
1151,695.06
1152,695.003708
1153,694.935819
1154,694.874844
1155,694.805858
1156,694.735331
1157,694.664209
1158,694.606751
1159,694.519172
1160,694.463203
1161,694.397004
1162,694.306739
1163,694.239132
1164,694.194362
1165,694.127805
1166,694.049141
1167,693.995714
1168,693.917532
1169,693.836286
1170,693.766195
1171,693.698766
1172,693.636739
1173,693.560632
1174,693.500919
1175,693.425408
1176,693.374431
1177,693.298313
1178,693.23995
1179,693.162584
1180,693.083594
1181,693.049598
1182,692.966021
1183,692.892738
1184,692.833726
1185,692.760584
1186,692.6874
1187,692.626749
1188,692.553649
1189,692.485337
1190,692.389336
1191,692.326857
1192,692.26564
1193,692.206741
1194,692.137077
1195,692.081356
1196,692.00372
1197,691.948868
1198,691.870763
1199,691.819061
1200,691.748811
1201,691.685709
1202,691.611548
1203,691.555539
1204,691.476742
1205,691.434319
1206,691.355381
1207,691.295593
1208,691.221375
1209,691.176226
1210,691.110269
1211,691.057936
1212,690.970673
1213,690.924801
1214,690.850716
1215,690.785139
1216,690.70836
1217,690.634141
1218,690.567668
1219,690.496611
1220,690.43006
1221,690.347131
1222,690.306135
1223,690.22891
1224,690.17491
1225,690.115963
1226,690.046449
1227,689.973583
1228,689.916775
1229,689.845932
1230,689.784637
1231,689.73816
1232,689.65149
1233,689.585124
1234,689.537045
1235,689.463556
1236,689.389876
1237,689.325438
1238,689.246932
1239,689.185996
1240,689.128709
1241,689.06565
1242,688.999102
1243,688.948413
1244,688.865448
1245,688.788987
1246,688.726926
1247,688.6552
1248,688.595451
1249,688.541308
1250,688.467437
1251,688.399683
1252,688.344806
1253,688.280751
1254,688.208622
1255,688.145903
1256,688.084244
1257,688.029979
1258,687.951441
1259,687.891482
1260,687.826418
1261,687.752066
1262,687.702344
1263,687.64819
1264,687.57832
1265,687.512468
1266,687.456
1267,687.394596
1268,687.316045
1269,687.249252
1270,687.185994
1271,687.121255
1272,687.046898
1273,686.991828
1274,686.937562
1275,686.866147
1276,686.797795
1277,686.72964
1278,686.663928
1279,686.615825
1280,686.549018
1281,686.470981
1282,686.41296
1283,686.362003
1284,686.283142
1285,686.225111
1286,686.159414
1287,686.094493
1288,686.022553
1289,685.97531
1290,685.915509
1291,685.846966
1292,685.765862
1293,685.711035
1294,685.653224
1295,685.578724
1296,685.521797
1297,685.466483
1298,685.392559
1299,685.324513
1300,685.276183
1301,685.206362
1302,685.136117
1303,685.089606
1304,685.021901
1305,684.957272
1306,684.900925
1307,684.825608
1308,684.75282
1309,684.70229
1310,684.638219
1311,684.564015
1312,684.498211
1313,684.423178
1314,684.3586
1315,684.290198
1316,684.216332
1317,684.182396
1318,684.106504
1319,684.046153
1320,683.974114
1321,683.914698
1322,683.850348
1323,683.791729
1324,683.720671
1325,683.666415
1326,683.590776
1327,683.512442
1328,683.459542
1329,683.390744
1330,683.320206
1331,683.268994
1332,683.194084
1333,683.142307
1334,683.073882
1335,682.996327
1336,682.940844
1337,682.865844
1338,682.809753
1339,682.763112
1340,682.686132
1341,682.617704
1342,682.565624
1343,682.497969
1344,682.439757
1345,682.386773
1346,682.306454
1347,682.241644
1348,682.176383
1349,682.103095
1350,682.053848
1351,681.990699
1352,681.91703
1353,681.858009
1354,681.806767
1355,681.718829
1356,681.66927
1357,681.602837
1358,681.535669
1359,681.477397
1360,681.413878
1361,681.347277
1362,681.283844
1363,681.214544
1364,681.15974
1365,681.084535
1366,681.0354
1367,680.964051
1368,680.904577
1369,680.834677
1370,680.758681
1371,680.695024
1372,680.639605
1373,680.592259
1374,680.519285
1375,680.45506
1376,680.399446
1377,680.310597
1378,680.251455
1379,680.188176
1380,680.117632
1381,680.076398
1382,680.015578
1383,679.947859
1384,679.882567
1385,679.822097
1386,679.756552
1387,679.698219
1388,679.640982
1389,679.566435
1390,679.513003
1391,679.46564
1392,679.394329
1393,679.338038
1394,679.270328
1395,679.212127
1396,679.150688
1397,679.075111
1398,679.008848
1399,678.961528
1400,678.890324
1401,678.825112
1402,678.778318
1403,678.708248
1404,678.638665
1405,678.575543
1406,678.511769
1407,678.457376
1408,678.381552
1409,678.321232
1410,678.253547
1411,678.180731
1412,678.115344
1413,678.051351
1414,677.98382
1415,677.923501
1416,677.864851
1417,677.795958
1418,677.733466
1419,677.669654
1420,677.614151
1421,677.556283
1422,677.480171
1423,677.43715
1424,677.363064
1425,677.319078
1426,677.262894
1427,677.187718
1428,677.135212
1429,677.07142
1430,677.016332
1431,676.959135
1432,676.893403
1433,676.82549
1434,676.783988
1435,676.715424
1436,676.642726
1437,676.600444
1438,676.534479
1439,676.468823
1440,676.421344
1441,676.355045
1442,676.291846
1443,676.238886
1444,676.16589
1445,676.094188
1446,676.03919
1447,675.970635
1448,675.909152
1449,675.85297
1450,675.781399
1451,675.726534
1452,675.637993
1453,675.582348
1454,675.537689
1455,675.460536
1456,675.39632
1457,675.354749
1458,675.272146
1459,675.205185
1460,675.167457
1461,675.086509
1462,675.018957
1463,674.98008
1464,674.907216
1465,674.843978
1466,674.787316
1467,674.73201
1468,674.671812
1469,674.587457
1470,674.528075
1471,674.470045
1472,674.405596
1473,674.339894
1474,674.292814
1475,674.229237
1476,674.159052
1477,674.109048
1478,674.027339
1479,673.982456
1480,673.925606
1481,673.847974
1482,673.7938
1483,673.727081
1484,673.654166
1485,673.591056
1486,673.532334
1487,673.474568
1488,673.410935
1489,673.34997
1490,673.291238
1491,673.230472
1492,673.176228
1493,673.100898
1494,673.044219
1495,672.966805
1496,672.90836
1497,672.864805
1498,672.778404
1499,672.718248
1500,672.668804
1501,672.607187
1502,672.548486
1503,672.491453
1504,672.423929
1505,672.36826
1506,672.312626
1507,672.244093
1508,672.188812
1509,672.129618
1510,672.070887
1511,671.996627
1512,671.940012
1513,671.867594
1514,671.805454
1515,671.729213
1516,671.68363
1517,671.591756
1518,671.547966
1519,671.47906
1520,671.424773
1521,671.364505
1522,671.288173
1523,671.242849
1524,671.172422
1525,671.102741
1526,671.053848
1527,671.005885
1528,670.943235
1529,670.87645
1530,670.832855
1531,670.754737
1532,670.693113
1533,670.642847
1534,670.573485
1535,670.525502
1536,670.466664
1537,670.407671
1538,670.350682
1539,670.283618
1540,670.223232
1541,670.161287
1542,670.088361
1543,670.02856
1544,669.980417
1545,669.929635
1546,669.847223
1547,669.805277
1548,669.73704
1549,669.683852
1550,669.626285
1551,669.557215
1552,669.497385
1553,669.442511
1554,669.368197
1555,669.305665
1556,669.257487
1557,669.189421
1558,669.121171
1559,669.074385
1560,668.999831
1561,668.934082
1562,668.867951
1563,668.792165
1564,668.738331
1565,668.678312
1566,668.615061
1567,668.561347
1568,668.503201
1569,668.444649
1570,668.385579
1571,668.323951
1572,668.268354
1573,668.212958
1574,668.150324
1575,668.089494
1576,668.040088
1577,667.973071
1578,667.902127
1579,667.855758
1580,667.791162
1581,667.737875
1582,667.669397
1583,667.608419
1584,667.550409
1585,667.479143
1586,667.409844
1587,667.351792
1588,667.297285
1589,667.239538
1590,667.17431
1591,667.124632
1592,667.058368
1593,666.995178
1594,666.926023
1595,666.872731
1596,666.814997
1597,666.755882
1598,666.685238
1599,666.615037
1600,666.557447
1601,666.498122
1602,666.441102
1603,666.370445
1604,666.31583
1605,666.252498
1606,666.204503
1607,666.146405
1608,666.085809
1609,666.030616
1610,665.966542
1611,665.892281
1612,665.847501
1613,665.78466
1614,665.724091
1615,665.662088
1616,665.605716
1617,665.545855
1618,665.487124
1619,665.41786
1620,665.370847
1621,665.287572
1622,665.213774
1623,665.16651
1624,665.117247
1625,665.069179
1626,664.988574
1627,664.934125
1628,664.870738
1629,664.823515
1630,664.757684
1631,664.704494
1632,664.639937
1633,664.567634
1634,664.513714
1635,664.442087
1636,664.381541
1637,664.330343
1638,664.27818
1639,664.216507
1640,664.151186
1641,664.090693
1642,664.027659
1643,663.975036
1644,663.911912
1645,663.867866
1646,663.814022
1647,663.748394
1648,663.692119
1649,663.619433
1650,663.558804
1651,663.49658
1652,663.424968
1653,663.375451
1654,663.314763
1655,663.248625
1656,663.191206
1657,663.136091
1658,663.081323
1659,663.027125
1660,662.959956
1661,662.911488
1662,662.830851
1663,662.783047
1664,662.726645
1665,662.669453
1666,662.605624
1667,662.56613
1668,662.493061
1669,662.430654
1670,662.385873
1671,662.304118
1672,662.256839
1673,662.193245
1674,662.133316
1675,662.072699
1676,662.015154
1677,661.939374
1678,661.896817
1679,661.838099
1680,661.7781
1681,661.716233
1682,661.652694
1683,661.585712
1684,661.533517
1685,661.45019
1686,661.404746
1687,661.339138
1688,661.288164
1689,661.236296
1690,661.172515
1691,661.112794
1692,661.044319
1693,660.991617
1694,660.922102
1695,660.873036
1696,660.801824
1697,660.739573
1698,660.678473
1699,660.612376
1700,660.568412
1701,660.509077
1702,660.452627
1703,660.387509
1704,660.330757
1705,660.262144
1706,660.204861
1707,660.137965
1708,660.0943
1709,660.034993
1710,659.969951
1711,659.897043
1712,659.859592
1713,659.783374
1714,659.752704
1715,659.678092
1716,659.630628
1717,659.551162
1718,659.489968
1719,659.427368
1720,659.36692
1721,659.319379
1722,659.261368
1723,659.191282
1724,659.128279
1725,659.07479
1726,659.024032
1727,658.946142
1728,658.878137
1729,658.850993
1730,658.786382
1731,658.729483
1732,658.664872
1733,658.612853
1734,658.56427
1735,658.496675
1736,658.454446
1737,658.383613
1738,658.321177
1739,658.270064
1740,658.218501
1741,658.153681
1742,658.092354
1743,658.019842
1744,657.968523
1745,657.922419
1746,657.847353
1747,657.801948
1748,657.739369
1749,657.686333
1750,657.624123
1751,657.567905
1752,657.504087
1753,657.446467
1754,657.38453
1755,657.327397
1756,657.257915
1757,657.20429
1758,657.149729
1759,657.082674
1760,657.027808
1761,656.972402
1762,656.90824
1763,656.83884
1764,656.775267
1765,656.716987
1766,656.657725
1767,656.598625
1768,656.530716
1769,656.467582
1770,656.405108
1771,656.34814
1772,656.301572
1773,656.231067
1774,656.17903
1775,656.116817
1776,656.053302
1777,655.989394
1778,655.918298
1779,655.855253
1780,655.798484
1781,655.737351
1782,655.692356
1783,655.63051
1784,655.589112
1785,655.521762
1786,655.468457
1787,655.404114
1788,655.353213
1789,655.295916
1790,655.249333
1791,655.189938
1792,655.1287
1793,655.06134
1794,654.997942
1795,654.965864
1796,654.898076
1797,654.830304
1798,654.778999
1799,654.715757
1800,654.667334
1801,654.591382
1802,654.529273
1803,654.477104
1804,654.412003
1805,654.36413
1806,654.306725
1807,654.249753
1808,654.185049
1809,654.136827
1810,654.060408
1811,654.029687
1812,653.944182
1813,653.905638
1814,653.853832
1815,653.781497
1816,653.724288
1817,653.67304
1818,653.592096
1819,653.560286
1820,653.487422
1821,653.424158
1822,653.356458
1823,653.310621
1824,653.238801
1825,653.206047
1826,653.145172
1827,653.094325
1828,653.035588
1829,652.979101
1830,652.914389
1831,652.850525
1832,652.783913
1833,652.7244
1834,652.685103
1835,652.607805
1836,652.561124
1837,652.499841
1838,652.433068
1839,652.375751
1840,652.312078
1841,652.273591
1842,652.218272
1843,652.172202
1844,652.105571
1845,652.064558
1846,652.002001
1847,651.960395
1848,651.894407
1849,651.831135
1850,651.779904
1851,651.707188
1852,651.660182
1853,651.597755
1854,651.547118
1855,651.476528
1856,651.417772
1857,651.361311
1858,651.302543
1859,651.259972
1860,651.208802
1861,651.144582
1862,651.087024
1863,651.042468
1864,650.979563
1865,650.9024
1866,650.856499
1867,650.787508
1868,650.746967
1869,650.690842
1870,650.641657
1871,650.583927
1872,650.533459
1873,650.47581
1874,650.432824
1875,650.369579
1876,650.293616
1877,650.241285
1878,650.190961
1879,650.152672
1880,650.085039
1881,650.025552
1882,649.963897
1883,649.899354
1884,649.845901
1885,649.77201
1886,649.726814
1887,649.662132
1888,649.599655
1889,649.541448
1890,649.490744
1891,649.435925
1892,649.391612
1893,649.331053
1894,649.26067
1895,649.20791
1896,649.151768
1897,649.101379
1898,649.04109
1899,648.985984
1900,648.939756
1901,648.879909
1902,648.810216
1903,648.770281
1904,648.72632
1905,648.659366
1906,648.600506
1907,648.550806
1908,648.48811
1909,648.438584
1910,648.382079
1911,648.330653
1912,648.261903
1913,648.194616
1914,648.149119
1915,648.095851
1916,648.036303
1917,647.974282
1918,647.944542
1919,647.875808
1920,647.815724
1921,647.763551
1922,647.712676
1923,647.65757
1924,647.599923
1925,647.560245
1926,647.497709
1927,647.434686
1928,647.389333
1929,647.329718
1930,647.276935
1931,647.215095
1932,647.15801
1933,647.107255
1934,647.039842
1935,646.989854
1936,646.923567
1937,646.884975
1938,646.832554
1939,646.764145
1940,646.715049
1941,646.665402
1942,646.595571
1943,646.543487
1944,646.490152
1945,646.425095
1946,646.370316
1947,646.31523
1948,646.259066
1949,646.188312
1950,646.133541
1951,646.086203
1952,646.025895
1953,645.959835
1954,645.909254
1955,645.856617
1956,645.807637
1957,645.745834
1958,645.67221
1959,645.600059
1960,645.569901
1961,645.509756
1962,645.459513
1963,645.378511
1964,645.331155
1965,645.27382
1966,645.22571
1967,645.158883
1968,645.098017
1969,645.037043
1970,644.997522
1971,644.93172
1972,644.864538
1973,644.821589
1974,644.759064
1975,644.712106
1976,644.633627
1977,644.583319
1978,644.524755
1979,644.471425
1980,644.420458
1981,644.361484
1982,644.316835
1983,644.257583
1984,644.219124
1985,644.15861
1986,644.108714
1987,644.051181
1988,643.991585
1989,643.918351
1990,643.857041
1991,643.805894
1992,643.735838
1993,643.677337
1994,643.606677
1995,643.553704
1996,643.508445
1997,643.453051
1998,643.404026
1999,643.336895
2000,643.280091
2001,643.228925
2002,643.159674
2003,643.098174
2004,643.041959
2005,642.994053
2006,642.949528
2007,642.891902
2008,642.83656
2009,642.790229
2010,642.707696
2011,642.664863
2012,642.594021
2013,642.551956
2014,642.496916
2015,642.433304
2016,642.373748
2017,642.301113
2018,642.254019
2019,642.19971
2020,642.147954
2021,642.084891
2022,642.042623
2023,641.998046
2024,641.942533
2025,641.886931
2026,641.822245
2027,641.765171
2028,641.719235
2029,641.648793
2030,641.57554
2031,641.530192
2032,641.480859
2033,641.425493
2034,641.365178
2035,641.307518
2036,641.266101
2037,641.217729
2038,641.160452
2039,641.091932
2040,641.03534
2041,640.980556
2042,640.935722
2043,640.877902
2044,640.810506
2045,640.752041
2046,640.685386
2047,640.628753
2048,640.581454
2049,640.515797
2050,640.451045
2051,640.404545
2052,640.339459
2053,640.291664
2054,640.228595
2055,640.187239
2056,640.125884
2057,640.062908
2058,640.012116
2059,639.967209
2060,639.916218
2061,639.85048
2062,639.799367
2063,639.740119
2064,639.677093
2065,639.627456
2066,639.572499
2067,639.524295
2068,639.466836
2069,639.41063
2070,639.359737
2071,639.308082
2072,639.253241
2073,639.216952
2074,639.164312
2075,639.105885
2076,639.060509
2077,638.998619
2078,638.942681
2079,638.879973
2080,638.824496
2081,638.767416
2082,638.714841
2083,638.65645
2084,638.602145
2085,638.559979
2086,638.497275
2087,638.427379
2088,638.359009
2089,638.318047
2090,638.277548
2091,638.216095
2092,638.174359
2093,638.13414
2094,638.06404
2095,637.996448
2096,637.939424
2097,637.888653
2098,637.83107
2099,637.782819
2100,637.721313
2101,637.664098
2102,637.616194
2103,637.563265
2104,637.485821
2105,637.457063
2106,637.385466
2107,637.329529
2108,637.273824
2109,637.220868
2110,637.17778
2111,637.100915
2112,637.050816
2113,637.002615
2114,636.956959
2115,636.913817
2116,636.841691
2117,636.78107
2118,636.728959
2119,636.673538
2120,636.622028
2121,636.563898
2122,636.485812
2123,636.441887
2124,636.396399
2125,636.337494
2126,636.29747
2127,636.230962
2128,636.19802
2129,636.12199
2130,636.074361
2131,636.013828
2132,635.968724
2133,635.912312
2134,635.862556
2135,635.796665
2136,635.748244
2137,635.682006
2138,635.632679
2139,635.585136
2140,635.54294
2141,635.489375
2142,635.417276
2143,635.363644
2144,635.310491
2145,635.251897
2146,635.204045
2147,635.158577
2148,635.097032
2149,635.051966
2150,634.991105
2151,634.922309
2152,634.879305
2153,634.817628
2154,634.772227
2155,634.714613
2156,634.652679
2157,634.611205
2158,634.551845
2159,634.492088
2160,634.43615
2161,634.371604
2162,634.321689
2163,634.267881
2164,634.20851
2165,634.163611
2166,634.119146
2167,634.057598
2168,634.006618
2169,633.948105
2170,633.903718
2171,633.835591
2172,633.784115
2173,633.717815
2174,633.659794
2175,633.604535
2176,633.561331
2177,633.488855
2178,633.444611
2179,633.391127
2180,633.329468
2181,633.273762
2182,633.22525
2183,633.172194
2184,633.119424
2185,633.069848
2186,633.019628
2187,632.969567
2188,632.916915
2189,632.861406
2190,632.816923
2191,632.751363
2192,632.705966
2193,632.642153
2194,632.591151
2195,632.552914
2196,632.490237
2197,632.430048
2198,632.3822
2199,632.324788
2200,632.273899
2201,632.218623
2202,632.167322
2203,632.117193
2204,632.059115
2205,631.997541
2206,631.948931
2207,631.899155
2208,631.85876
2209,631.793129
2210,631.736102
2211,631.694087
2212,631.639874
2213,631.575742
2214,631.546246
2215,631.483598
2216,631.425753
2217,631.386887
2218,631.317639
2219,631.276842
2220,631.23275
2221,631.160168
2222,631.125784
2223,631.069339
2224,631.026312
2225,630.975095
2226,630.91871
2227,630.864951
2228,630.807582
2229,630.759792
2230,630.728366
2231,630.659645
2232,630.598252
2233,630.5457
2234,630.504248
2235,630.443724
2236,630.377945
2237,630.333509
2238,630.282485
2239,630.245048
2240,630.18566
2241,630.122215
2242,630.071667
2243,630.020167
2244,629.98744
2245,629.909451
2246,629.858927
2247,629.809315
2248,629.743571
2249,629.69942
2250,629.632337
2251,629.587329
2252,629.545007
2253,629.479696
2254,629.417202
2255,629.383599
2256,629.339091
2257,629.272937
2258,629.208758
2259,629.168612
2260,629.10623
2261,629.052367
2262,629.002658
2263,628.929881
2264,628.881966
2265,628.832152
2266,628.777447
2267,628.723115
2268,628.680555
2269,628.61608
2270,628.566698
2271,628.499187
2272,628.441479
2273,628.398745
2274,628.329097
2275,628.293372
2276,628.230532
2277,628.179773
2278,628.123225
2279,628.075209
2280,628.020659
2281,627.973256
2282,627.914296
2283,627.855655
2284,627.797074
2285,627.737752
2286,627.686862
2287,627.649565
2288,627.604097
2289,627.542856
2290,627.4925
2291,627.440833
2292,627.38029
2293,627.341841
2294,627.276996
2295,627.241309
2296,627.188976
2297,627.144931
2298,627.076448
2299,627.021261
2300,626.965485
2301,626.913037
2302,626.863714
2303,626.81722
2304,626.760729
2305,626.69692
2306,626.657086
2307,626.58854
2308,626.539412
2309,626.494375
2310,626.442302
2311,626.374338
2312,626.317815
2313,626.26721
2314,626.206005
2315,626.161723
2316,626.104012
2317,626.05102
2318,626.007245
2319,625.936219
2320,625.896839
2321,625.836335
2322,625.793325
2323,625.7421
2324,625.675029
2325,625.619194
2326,625.556668
2327,625.502347
2328,625.445355
2329,625.39143
2330,625.336428
2331,625.284187
2332,625.231478
2333,625.189523
2334,625.127463
2335,625.071274
2336,625.013446
2337,624.957785
2338,624.91574
2339,624.848887
2340,624.804844
2341,624.759103
2342,624.70458
2343,624.642916
2344,624.58859
2345,624.539003
2346,624.486861
2347,624.435923
2348,624.380895
2349,624.33496
2350,624.280393
2351,624.233616
2352,624.188616
2353,624.130791
2354,624.081313
2355,624.016253
2356,623.965133
2357,623.912313
2358,623.866937
2359,623.827372
2360,623.766965
2361,623.710575
2362,623.66225
2363,623.609827
2364,623.530041
2365,623.48407
2366,623.434356
2367,623.384481
2368,623.333398
2369,623.271201
2370,623.228334
2371,623.191164
2372,623.124729
2373,623.067431
2374,623.012723
2375,622.960064
2376,622.89854
2377,622.85147
2378,622.785694
2379,622.745639
2380,622.694689
2381,622.637109
2382,622.574973
2383,622.520453
2384,622.475717
2385,622.428965
2386,622.365669
2387,622.319547
2388,622.262951
2389,622.207912
2390,622.14577
2391,622.097168
2392,622.025949
2393,621.9796
2394,621.92521
2395,621.867264
2396,621.797074
2397,621.773417
2398,621.728937
2399,621.671628
2400,621.603403
2401,621.560268
2402,621.51415
2403,621.458543
2404,621.411955
2405,621.366546
2406,621.302942
2407,621.257929
2408,621.198853
2409,621.143558
2410,621.078572
2411,621.023368
2412,620.979542
2413,620.911347
2414,620.859474
2415,620.804217
2416,620.765659
2417,620.699139
2418,620.648061
2419,620.603365
2420,620.543275
2421,620.485966
2422,620.429795
2423,620.383028
2424,620.324699
2425,620.281526
2426,620.214987
2427,620.166027
2428,620.095539
2429,620.051513
2430,620.002555
2431,619.936618
2432,619.902374
2433,619.854054
2434,619.791085
2435,619.75065
2436,619.710784
2437,619.649355
2438,619.608181
2439,619.555448
2440,619.500676
2441,619.448543
2442,619.38886
2443,619.3347
2444,619.276182
2445,619.235738
2446,619.178137
2447,619.125441
2448,619.076418
2449,619.029718
2450,618.974311
2451,618.924584
2452,618.877849
2453,618.821093
2454,618.776126
2455,618.721216
2456,618.650819
2457,618.603334
2458,618.551189
2459,618.496336
2460,618.437183
2461,618.396501
2462,618.354032
2463,618.29724
2464,618.241514
2465,618.18258
2466,618.145526
2467,618.080227
2468,618.018555
2469,617.983015
2470,617.916257
2471,617.864801
2472,617.804725
2473,617.753022
2474,617.705761
2475,617.647012
2476,617.593703
2477,617.548339
2478,617.505514
2479,617.445763
2480,617.409947
2481,617.355081
2482,617.296725
2483,617.26203
2484,617.180888
2485,617.1402
2486,617.071051
2487,617.020843
2488,616.977591
2489,616.936813
2490,616.884583
2491,616.837754
2492,616.76718
2493,616.714246
2494,616.686075
2495,616.621527
2496,616.575001
2497,616.518707
2498,616.45266
2499,616.402567
2500,616.356204
2501,616.316318
2502,616.255361
2503,616.189097
2504,616.140193
2505,616.095936
2506,616.02436
2507,615.988274
2508,615.931926
2509,615.872001
2510,615.821818
2511,615.771478
2512,615.713066
2513,615.65207
2514,615.608941
2515,615.547922
2516,615.495838
2517,615.4376
2518,615.388517
2519,615.339412
2520,615.285735
2521,615.234956
2522,615.186373
2523,615.113216
2524,615.075907
2525,615.013447
2526,614.960968
2527,614.911585
2528,614.863139
2529,614.810181
2530,614.763147
2531,614.711468
2532,614.660046
2533,614.609873
2534,614.564259
2535,614.510691
2536,614.459812
2537,614.400163
2538,614.354477
2539,614.298627
2540,614.235504
2541,614.197648
2542,614.145063
2543,614.085542
2544,614.037437
2545,614.001208
2546,613.949825
2547,613.906182
2548,613.855528
2549,613.805544
2550,613.769544
2551,613.71956
2552,613.670117
2553,613.610211
2554,613.559334
2555,613.504711
2556,613.432708
2557,613.405966
2558,613.353929
2559,613.299121
2560,613.241328
2561,613.20084
2562,613.147801
2563,613.092462
2564,613.039737
2565,612.990205
2566,612.935145
2567,612.888188
2568,612.84645
2569,612.787871
2570,612.73863
2571,612.695273
2572,612.642176
2573,612.591936
2574,612.542865
2575,612.471492
2576,612.431771
2577,612.378886
2578,612.32608
2579,612.28186
2580,612.23907
2581,612.185032
2582,612.12855
2583,612.092153
2584,612.03994
2585,611.980337
2586,611.936987
2587,611.871296
2588,611.835547
2589,611.787213
2590,611.745139
2591,611.693541
2592,611.644338
2593,611.576884
2594,611.529379
2595,611.481761
2596,611.425877
2597,611.370665
2598,611.30468
2599,611.252471
2600,611.202127
2601,611.153976
2602,611.107236
2603,611.038135
2604,610.994304
2605,610.945382
2606,610.885664
2607,610.840492
2608,610.789563
2609,610.740774
2610,610.706414
2611,610.649246
2612,610.593656
2613,610.538993
2614,610.487134
2615,610.436914
2616,610.380829
2617,610.323546
2618,610.274329
2619,610.234065
2620,610.181529
2621,610.11931
2622,610.058282
2623,610.021502
2624,609.954972
2625,609.905304
2626,609.854833
2627,609.80659
2628,609.732731
2629,609.697142
2630,609.647041
2631,609.596293
2632,609.546803
2633,609.490601
2634,609.43223
2635,609.382279
2636,609.341431
2637,609.27629
2638,609.230966
2639,609.186448
2640,609.125464
2641,609.06529
2642,609.028555
2643,608.985628
2644,608.9198
2645,608.860761
2646,608.820666
2647,608.773118
2648,608.712271
2649,608.669327
2650,608.622057
2651,608.568236
2652,608.532005
2653,608.47786
2654,608.430915
2655,608.380323
2656,608.325387
2657,608.271488
2658,608.219629
2659,608.176052
2660,608.108979
2661,608.051476
2662,607.997736
2663,607.972497
2664,607.911763
2665,607.850747
2666,607.79392
2667,607.753532
2668,607.705725
2669,607.648946
2670,607.594266
2671,607.540137
2672,607.502412
2673,607.449304
2674,607.386724
2675,607.335343
2676,607.304952
2677,607.247138
2678,607.199889
2679,607.146271
2680,607.096899
2681,607.032385
2682,606.985376
2683,606.943987
2684,606.896935
2685,606.839132
2686,606.799277
2687,606.738223
2688,606.693846
2689,606.635595
2690,606.581302
2691,606.532692
2692,606.485356
2693,606.437717
2694,606.39611
2695,606.355839
2696,606.302609
2697,606.251719
2698,606.211506
2699,606.156708
2700,606.094244
2701,606.058981
2702,606.01629
2703,605.963718
2704,605.9086
2705,605.841248
2706,605.803123
2707,605.743633
2708,605.69848
2709,605.657925
2710,605.619906
2711,605.564147
2712,605.527939
2713,605.47063
2714,605.415973
2715,605.391979
2716,605.341006
2717,605.289072
2718,605.238946
2719,605.189078
2720,605.132212
2721,605.079286
2722,605.038631
2723,604.985408
2724,604.943752
2725,604.890433
2726,604.828795
2727,604.769013
2728,604.72113
2729,604.673064
2730,604.613177
2731,604.567521
2732,604.515626
2733,604.467295
2734,604.405205
2735,604.355087
2736,604.305605
2737,604.259557
2738,604.215789
2739,604.160692
2740,604.108422
2741,604.061116
2742,604.012174
2743,603.975823
2744,603.921361
2745,603.868281
2746,603.815846
2747,603.751079
2748,603.706253
2749,603.666028
2750,603.618968
2751,603.567849
2752,603.523314
2753,603.475195
2754,603.420374
2755,603.389615
2756,603.329704
2757,603.274331
2758,603.23404
2759,603.195592
2760,603.136284
2761,603.080971
2762,603.033032
2763,602.981779
2764,602.952464
2765,602.913603
2766,602.849083
2767,602.791488
2768,602.748454
2769,602.693189
2770,602.649315
2771,602.603376
2772,602.547733
2773,602.50448
2774,602.462753
2775,602.405726
2776,602.36253
2777,602.313874
2778,602.260595
2779,602.207582
2780,602.172172
2781,602.114823
2782,602.051388
2783,602.008229
2784,601.959323
2785,601.916178
2786,601.865179
2787,601.80379
2788,601.758155
2789,601.724438
2790,601.678803
2791,601.613243
2792,601.558925
2793,601.517076
2794,601.478369
2795,601.410952
2796,601.35258
2797,601.320606
2798,601.265157
2799,601.21271
2800,601.153664
2801,601.103614
2802,601.075837
2803,601.018471
2804,600.971975
2805,600.934158
2806,600.87577
2807,600.834172
2808,600.779496
2809,600.748526
2810,600.680708
2811,600.631692
2812,600.598001
2813,600.547889
2814,600.495046
2815,600.461714
2816,600.406439
2817,600.372553
2818,600.315932
2819,600.272181
2820,600.221759
2821,600.183299
2822,600.109841
2823,600.077629
2824,600.031736
2825,599.96388
2826,599.919497
2827,599.860434
2828,599.810598
2829,599.760972
2830,599.71915
2831,599.667566
2832,599.627196
2833,599.559409
2834,599.520215
2835,599.462983
2836,599.413706
2837,599.3605
2838,599.324276
2839,599.275125
2840,599.221528
2841,599.166035
2842,599.123882
2843,599.051652
2844,599.021078
2845,598.982124
2846,598.935914
2847,598.879242
2848,598.834058
2849,598.794645
2850,598.716158
2851,598.680538
2852,598.623257
2853,598.594459
2854,598.542442
2855,598.500392
2856,598.450095
2857,598.403137
2858,598.340805
2859,598.298837
2860,598.240945
2861,598.210006
2862,598.151965
2863,598.094063
2864,598.046704
2865,597.994576
2866,597.943528
2867,597.90836
2868,597.840031
2869,597.800511
2870,597.754949
2871,597.700206
2872,597.658909
2873,597.607071
2874,597.560255
2875,597.512137
2876,597.452477
2877,597.408556
2878,597.364549
2879,597.32881
2880,597.272027
2881,597.223404
2882,597.167547
2883,597.112574
2884,597.063847
2885,597.010743
2886,596.960776
2887,596.913154
2888,596.877081
2889,596.838463
2890,596.776568
2891,596.720205
2892,596.676897
2893,596.633496
2894,596.590405
2895,596.532256
2896,596.489662
2897,596.446121
2898,596.404482
2899,596.354135
2900,596.312026
2901,596.26881
2902,596.21057
2903,596.162804
2904,596.108113
2905,596.055212
2906,596.008054
2907,595.948598
2908,595.902296
2909,595.865106
2910,595.814105
2911,595.763639
2912,595.718137
2913,595.662582
2914,595.612665
2915,595.563025
2916,595.507336
2917,595.479799
2918,595.431683
2919,595.395449
2920,595.345924
2921,595.306938
2922,595.270076
2923,595.217613
2924,595.160863
2925,595.118274
2926,595.067008
2927,595.017324
2928,594.962362
2929,594.906284
2930,594.884578
2931,594.81766
2932,594.778043
2933,594.735536
2934,594.678444
2935,594.626608
2936,594.577729
2937,594.540511
2938,594.486843
2939,594.449024
2940,594.394951
2941,594.341006
2942,594.297947
2943,594.258678
2944,594.207775
2945,594.145182
2946,594.09945
2947,594.058557
2948,593.995685
2949,593.955046
2950,593.900091
2951,593.864877
2952,593.798921
2953,593.765674
2954,593.72245
2955,593.665786
2956,593.622303
2957,593.578625
2958,593.518177
2959,593.491636
2960,593.435644
2961,593.394765
2962,593.339602
2963,593.305025
2964,593.2604
2965,593.211599
2966,593.162393
2967,593.11967
2968,593.06153
2969,593.019876
2970,592.960571
2971,592.908291
2972,592.867448
2973,592.815973
2974,592.769634
2975,592.718979
2976,592.685481
2977,592.634608
2978,592.587385
2979,592.536095
2980,592.49203
2981,592.443771
2982,592.396914
2983,592.339399
2984,592.298546
2985,592.257463
2986,592.202825
2987,592.151365
2988,592.103741
2989,592.054136
2990,592.015552
2991,591.953268
2992,591.902914
2993,591.877325
2994,591.816205
2995,591.757321
2996,591.71292
2997,591.675191
2998,591.630297
2999,591.578521
3000,591.527235
3001,591.494493
3002,591.433743
3003,591.391201
3004,591.365093
3005,591.295236
3006,591.26096
3007,591.214031
3008,591.159018
3009,591.130962
3010,591.064423
3011,591.025267
3012,590.979529
3013,590.927805
3014,590.882134
3015,590.827961
3016,590.768862
3017,590.715348
3018,590.671277
3019,590.628875
3020,590.586003
3021,590.54625
3022,590.4803
3023,590.433523
3024,590.393852
3025,590.335607
3026,590.30061
3027,590.249102
3028,590.202891
3029,590.14977
3030,590.107673
3031,590.06601
3032,589.996493
3033,589.947725
3034,589.89669
3035,589.860843
3036,589.798388
3037,589.756531
3038,589.719245
3039,589.666748
3040,589.616233
3041,589.570993
3042,589.516792
3043,589.473026
3044,589.428696
3045,589.381325
3046,589.329292
3047,589.285251
3048,589.216738
3049,589.168932
3050,589.128446
3051,589.07161
3052,589.031724
3053,588.973013
3054,588.93944
3055,588.885242
3056,588.851126
3057,588.80485
3058,588.747913
3059,588.720384
3060,588.669331
3061,588.624331
3062,588.571093
3063,588.517439
3064,588.470741
3065,588.419905
3066,588.363731
3067,588.329109
3068,588.268155
3069,588.230725
3070,588.193662
3071,588.136565
3072,588.100448
3073,588.051263
3074,588.007043
3075,587.95758
3076,587.92433
3077,587.88233
3078,587.831612
3079,587.793194
3080,587.745379
3081,587.696806
3082,587.637021
3083,587.580953
3084,587.535833
3085,587.487526
3086,587.432091
3087,587.38248
3088,587.330595
3089,587.296862
3090,587.253345
3091,587.20125
3092,587.145656
3093,587.109931
3094,587.070527
3095,587.020573
3096,586.9713
3097,586.924753
3098,586.882158
3099,586.840045
3100,586.776073
3101,586.737425
3102,586.690456
3103,586.624697
3104,586.60271
3105,586.554208
3106,586.508978
3107,586.450727
3108,586.391784
3109,586.356016
3110,586.314079
3111,586.263863
3112,586.218461
3113,586.180357
3114,586.13309
3115,586.071291
3116,586.03708
3117,585.993062
3118,585.951053
3119,585.900946
3120,585.863347
3121,585.802383
3122,585.766893
3123,585.724092
3124,585.67791
3125,585.631333
3126,585.585666
3127,585.5326
3128,585.491654
3129,585.441304
3130,585.390712
3131,585.353073
3132,585.310941
3133,585.26225
3134,585.215502
3135,585.172131
3136,585.125024
3137,585.083989
3138,585.023889
3139,584.976535
3140,584.937985
3141,584.882615
3142,584.849465
3143,584.800257
3144,584.748367
3145,584.695651
3146,584.645668
3147,584.610769
3148,584.553677
3149,584.506196
3150,584.464317
3151,584.423333
3152,584.371765
3153,584.321716
3154,584.283642
3155,584.231684
3156,584.189336
3157,584.142398
3158,584.100868
3159,584.042133
3160,584.001931
3161,583.956948
3162,583.904507
3163,583.860215
3164,583.805496
3165,583.767719
3166,583.727664
3167,583.675661
3168,583.619852
3169,583.568884
3170,583.536058
3171,583.494553
3172,583.440768
3173,583.401968
3174,583.358806
3175,583.31035
3176,583.251455
3177,583.203701
3178,583.18067
3179,583.129878
3180,583.090272
3181,583.044433
3182,582.99564
3183,582.953549
3184,582.90491
3185,582.853026
3186,582.810705
3187,582.791567
3188,582.728044
3189,582.681074
3190,582.644305
3191,582.590022
3192,582.533917
3193,582.517231
3194,582.461156
3195,582.420851
3196,582.372986
3197,582.326144
3198,582.268519
3199,582.227739
3200,582.180143
3201,582.134809
3202,582.091893
3203,582.044819
3204,582.003436
3205,581.967829
3206,581.907429
3207,581.857621
3208,581.805591
3209,581.763457
3210,581.719463
3211,581.65888
3212,581.618831
3213,581.569793
3214,581.52489
3215,581.473077
3216,581.428792
3217,581.376417
3218,581.321649
3219,581.287804
3220,581.228491
3221,581.188084
3222,581.14143
3223,581.096053
3224,581.054116
3225,581.008467
3226,580.962744
3227,580.907653
3228,580.874716
3229,580.824071
3230,580.777037
3231,580.747531
3232,580.699971
3233,580.648496
3234,580.595961
3235,580.553599
3236,580.507098
3237,580.463483
3238,580.41965
3239,580.368348
3240,580.33264
3241,580.280912
3242,580.225804
3243,580.18967
3244,580.150945
3245,580.097653
3246,580.03793
3247,580.005732
3248,579.947747
3249,579.924846
3250,579.861867
3251,579.807287
3252,579.770257
3253,579.733719
3254,579.679335
3255,579.632894
3256,579.582423
3257,579.546865
3258,579.488074
3259,579.451551
3260,579.408158
3261,579.362499
3262,579.319657
3263,579.270407
3264,579.214127
3265,579.171897
3266,579.142943
3267,579.084995
3268,579.033091
3269,578.982609
3270,578.935454
3271,578.898567
3272,578.849719
3273,578.793891
3274,578.755974
3275,578.710696
3276,578.660183
3277,578.606528
3278,578.586334
3279,578.529367
3280,578.487899
3281,578.425177
3282,578.38977
3283,578.343377
3284,578.302323
3285,578.25531
3286,578.209398
3287,578.153167
3288,578.0939
3289,578.041663
3290,577.999022
3291,577.948313
3292,577.918503
3293,577.870639
3294,577.825179
3295,577.768166
3296,577.737193
3297,577.691906
3298,577.63371
3299,577.599837
3300,577.556148
3301,577.51245
3302,577.459903
3303,577.423903
3304,577.366754
3305,577.316522
3306,577.273375
3307,577.227203
3308,577.191559
3309,577.147422
3310,577.091323
3311,577.04498
3312,577.006369
3313,576.954109
3314,576.90901
3315,576.856316
3316,576.817884
3317,576.784657
3318,576.728478
3319,576.688139
3320,576.635102
3321,576.598352
3322,576.552549
3323,576.514432
3324,576.463648
3325,576.413669
3326,576.365015
3327,576.318167
3328,576.272099
3329,576.226044
3330,576.179956
3331,576.143953
3332,576.092012
3333,576.043127
3334,575.993805
3335,575.948096
3336,575.896498
3337,575.843283
3338,575.807023
3339,575.755664
3340,575.696727
3341,575.66296
3342,575.641816
3343,575.584555
3344,575.536557
3345,575.490655
3346,575.442564
3347,575.3998
3348,575.331305
3349,575.283961
3350,575.246446
3351,575.190603
3352,575.125729
3353,575.111842
3354,575.056711
3355,575.007324
3356,574.95277
3357,574.908638
3358,574.88112
3359,574.826153
3360,574.774671
3361,574.735129
3362,574.67577
3363,574.635229
3364,574.592283
3365,574.542183
3366,574.503356
3367,574.45643
3368,574.399462
3369,574.365836
3370,574.315253
3371,574.258571
3372,574.235919
3373,574.178251
3374,574.118456
3375,574.07879
3376,574.026943
3377,573.97813
3378,573.945586
3379,573.90845
3380,573.856399
3381,573.80937
3382,573.773995
3383,573.723243
3384,573.678158
3385,573.645385
3386,573.593113
3387,573.530269
3388,573.497056
3389,573.460005
3390,573.406318
3391,573.364847
3392,573.314612
3393,573.276373
3394,573.227646
3395,573.185522
3396,573.141324
3397,573.108723
3398,573.069222
3399,573.005275
3400,572.947885
3401,572.915099
3402,572.875426
3403,572.807376
3404,572.778192
3405,572.737185
3406,572.693806
3407,572.63966
3408,572.603977
3409,572.571643
3410,572.531715
3411,572.466621
3412,572.42942
3413,572.380508
3414,572.332575
3415,572.285703
3416,572.256257
3417,572.199729
3418,572.143182
3419,572.102013
3420,572.06585
3421,572.011211
3422,571.971962
3423,571.934753
3424,571.887305
3425,571.83583
3426,571.797631
3427,571.741992
3428,571.70386
3429,571.668214
3430,571.614935
3431,571.566946
3432,571.525629
3433,571.47678
3434,571.429642
3435,571.394859
3436,571.34358
3437,571.301334
3438,571.244513
3439,571.210018
3440,571.152644
3441,571.113493
3442,571.067518
3443,571.021048
3444,570.995193
3445,570.948539
3446,570.901518
3447,570.862962
3448,570.813998
3449,570.770048
3450,570.720784
3451,570.682206
3452,570.636427
3453,570.58378
3454,570.529979
3455,570.493755
3456,570.451578
3457,570.400013
3458,570.353141
3459,570.301407
3460,570.270684
3461,570.219661
3462,570.172791
3463,570.118697
3464,570.079865
3465,570.040967
3466,569.985055
3467,569.947517
3468,569.915102
3469,569.862492
3470,569.826916
3471,569.784165
3472,569.728365
3473,569.683153
3474,569.651501
3475,569.568056
3476,569.544351
3477,569.501242
3478,569.448622
3479,569.395826
3480,569.366016
3481,569.313923
3482,569.266043
3483,569.207487
3484,569.175215
3485,569.135511
3486,569.088963
3487,569.038379
3488,569.00445
3489,568.95435
3490,568.908044
3491,568.86006
3492,568.828765
3493,568.800078
3494,568.739571
3495,568.706781
3496,568.65806
3497,568.614686
3498,568.576631
3499,568.51718
3500,568.479769
3501,568.436785
3502,568.40156
3503,568.339926
3504,568.298463
3505,568.271011
3506,568.221073
3507,568.169134
3508,568.139264
3509,568.086118
3510,568.031433
3511,567.990708
3512,567.953319
3513,567.915167
3514,567.859667
3515,567.812191
3516,567.774204
3517,567.71458
3518,567.67933
3519,567.640941
3520,567.588233
3521,567.535293
3522,567.48685
3523,567.458455
3524,567.409934
3525,567.349888
3526,567.315305
3527,567.289955
3528,567.242722
3529,567.188809
3530,567.157545
3531,567.115294
3532,567.052798
3533,567.012779
3534,566.984035
3535,566.930636
3536,566.87984
3537,566.848086
3538,566.802316
3539,566.755035
3540,566.718142
3541,566.674441
3542,566.625939
3543,566.583298
3544,566.543251
3545,566.491498
3546,566.452039
3547,566.385061
3548,566.351741
3549,566.30427
3550,566.264238
3551,566.225834
3552,566.187404
3553,566.139307
3554,566.087085
3555,566.056
3556,566.011976
3557,565.956428
3558,565.924481
3559,565.900929
3560,565.837917
3561,565.805221
3562,565.748857
3563,565.713795
3564,565.668473
3565,565.633787
3566,565.575655
3567,565.536369
3568,565.488148
3569,565.451013
3570,565.402427
3571,565.357173
3572,565.311828
3573,565.26992
3574,565.212767
3575,565.163027
3576,565.131057
3577,565.081077
3578,565.036227
3579,564.972045
3580,564.940719
3581,564.892004
3582,564.845086
3583,564.801592
3584,564.76802
3585,564.709476
3586,564.67281
3587,564.628308
3588,564.572857
3589,564.526767
3590,564.478766
3591,564.441908
3592,564.393882
3593,564.343159
3594,564.330645
3595,564.274985
3596,564.24541
3597,564.19174
3598,564.139403
3599,564.093371
3600,564.055284
3601,564.001294
3602,563.961276
3603,563.903787
3604,563.875716
3605,563.830487
3606,563.786148
3607,563.745737
3608,563.705214
3609,563.643333
3610,563.613552
3611,563.56585
3612,563.531031
3613,563.476786
3614,563.439014
3615,563.402673
3616,563.358474
3617,563.311004
3618,563.266477
3619,563.235636
3620,563.192516
3621,563.138192
3622,563.103063
3623,563.06001
3624,563.007136
3625,562.956985
3626,562.922765
3627,562.874766
3628,562.828182
3629,562.774724
3630,562.733026
3631,562.690113
3632,562.635306
3633,562.582364
3634,562.543096
3635,562.495476
3636,562.460082
3637,562.400207
3638,562.354707
3639,562.316505
3640,562.257941
3641,562.229594
3642,562.183988
3643,562.138316
3644,562.082662
3645,562.040759
3646,561.998085
3647,561.965081
3648,561.912737
3649,561.859259
3650,561.822529
3651,561.794243
3652,561.743647
3653,561.708035
3654,561.672709
3655,561.620033
3656,561.568289
3657,561.51858
3658,561.474676
3659,561.43688
3660,561.378591
3661,561.335242
3662,561.290647
3663,561.240398
3664,561.195943
3665,561.159857
3666,561.118407
3667,561.070673
3668,561.024414
3669,560.994286
3670,560.944267
3671,560.900433
3672,560.854428
3673,560.813478
3674,560.76593
3675,560.735862
3676,560.67286
3677,560.63052
3678,560.603937
3679,560.549514
3680,560.509763
3681,560.481185
3682,560.423313
3683,560.378469
3684,560.330586
3685,560.284421
3686,560.242414
3687,560.195857
3688,560.171583
3689,560.1177
3690,560.072156
3691,560.030161
3692,559.984075
3693,559.951476
3694,559.90487
3695,559.867512
3696,559.82921
3697,559.786574
3698,559.743268
3699,559.693973
3700,559.667917
3701,559.607159
3702,559.559315
3703,559.51223
3704,559.462424
3705,559.415765
3706,559.366114
3707,559.320396
3708,559.286176
3709,559.242666
3710,559.191254
3711,559.157357
3712,559.120331
3713,559.057882
3714,559.008288
3715,558.984473
3716,558.937158
3717,558.902827
3718,558.853714
3719,558.805328
3720,558.759322
3721,558.71948
3722,558.667783
3723,558.626225
3724,558.580692
3725,558.549816
3726,558.498695
3727,558.473397
3728,558.421491
3729,558.37704
3730,558.326087
3731,558.281797
3732,558.235308
3733,558.182402
3734,558.149036
3735,558.10181
3736,558.052149
3737,558.018929
3738,557.974945
3739,557.914568
3740,557.883623
3741,557.844699
3742,557.798006
3743,557.741064
3744,557.701383
3745,557.662887
3746,557.629725
3747,557.581259
3748,557.539072
3749,557.495436
3750,557.433367
3751,557.419097
3752,557.365274
3753,557.323408
3754,557.279528
3755,557.224636
3756,557.188636
3757,557.158312
3758,557.103373
3759,557.06897
3760,557.02453
3761,556.98362
3762,556.926127
3763,556.875351
3764,556.842924
3765,556.812878
3766,556.759839
3767,556.730321
3768,556.678488
3769,556.634138
3770,556.583467
3771,556.550064
3772,556.499897
3773,556.450513
3774,556.410719
3775,556.363183
3776,556.339266
3777,556.290006
3778,556.237302
3779,556.207038
3780,556.163679
3781,556.114156
3782,556.072923
3783,556.030644
3784,555.988688
3785,555.944706
3786,555.899887
3787,555.856883
3788,555.807247
3789,555.754112
3790,555.720319
3791,555.674052
3792,555.623976
3793,555.604706
3794,555.559864
3795,555.507938
3796,555.476856
3797,555.441129
3798,555.386252
3799,555.338191
3800,555.293979
3801,555.253816
3802,555.1972
3803,555.174365
3804,555.11408
3805,555.079826
3806,555.037457
3807,554.986301
3808,554.948319
3809,554.893591
3810,554.868801
3811,554.829063
3812,554.791442
3813,554.735975
3814,554.705676
3815,554.650704
3816,554.6126
3817,554.562929
3818,554.503932
3819,554.4654
3820,554.432127
3821,554.368049
3822,554.330861
3823,554.279858
3824,554.243555
3825,554.197484
3826,554.160874
3827,554.12959
3828,554.074421
3829,554.045136
3830,554.000787
3831,553.963259
3832,553.920268
3833,553.871952
3834,553.832239
3835,553.787249
3836,553.737185
3837,553.710487
3838,553.662713
3839,553.615847
3840,553.571856
3841,553.532706
3842,553.473309
3843,553.426718
3844,553.391911
3845,553.34337
3846,553.288119
3847,553.265851
3848,553.214188
3849,553.1762
3850,553.12269
3851,553.072606
3852,553.032675
3853,552.998041
3854,552.955477
3855,552.926731
3856,552.877153
3857,552.832012
3858,552.79285
3859,552.746917
3860,552.700316
3861,552.650208
3862,552.613633
3863,552.569896
3864,552.519017
3865,552.493309
3866,552.453101
3867,552.410602
3868,552.37548
3869,552.34141
3870,552.284105
3871,552.251681
3872,552.215498
3873,552.162618
3874,552.103589
3875,552.061955
3876,552.039142
3877,551.999555
3878,551.936236
3879,551.907065
3880,551.856318
3881,551.832091
3882,551.770196
3883,551.72839
3884,551.687894
3885,551.644844
3886,551.599501
3887,551.554817
3888,551.518865
3889,551.484633
3890,551.443461
3891,551.38174
3892,551.347419
3893,551.301702
3894,551.250228
3895,551.208366
3896,551.158555
3897,551.124832
3898,551.073276
3899,551.030963
3900,551.000414
3901,550.956881
3902,550.912479
3903,550.881547
3904,550.832108
3905,550.788828
3906,550.746276
3907,550.703596
3908,550.656823
3909,550.621603
3910,550.590984
3911,550.543693
3912,550.4927
3913,550.455297
3914,550.410779
3915,550.370636
3916,550.326671
3917,550.286254
3918,550.246999
3919,550.210919
3920,550.161204
3921,550.111291
3922,550.06839
3923,550.03085
3924,549.990215
3925,549.967335
3926,549.908338
3927,549.850859
3928,549.818081
3929,549.766797
3930,549.713714
3931,549.670388
3932,549.643838
3933,549.605413
3934,549.571675
3935,549.526294
3936,549.471276
3937,549.436308
3938,549.394985
3939,549.356399
3940,549.326008
3941,549.266023
3942,549.229287
3943,549.20307
3944,549.150791
3945,549.114283
3946,549.058679
3947,549.020653
3948,548.969878
3949,548.927704
3950,548.900476
3951,548.850437
3952,548.805156
3953,548.762878
3954,548.71276
3955,548.678931
3956,548.625084
3957,548.584715
3958,548.554164
3959,548.50426
3960,548.463743
3961,548.417048
3962,548.392797
3963,548.335284
3964,548.307445
3965,548.264066
3966,548.225948
3967,548.180299
3968,548.123857
3969,548.090226
3970,548.05081
3971,547.993309
3972,547.965458
3973,547.912753
3974,547.886961
3975,547.843222
3976,547.788549
3977,547.747446
3978,547.712341
3979,547.657496
3980,547.622254
3981,547.568719
3982,547.540252
3983,547.487889
3984,547.439309
3985,547.39918
3986,547.365399
3987,547.326271
3988,547.266562
3989,547.240493
3990,547.187544
3991,547.167217
3992,547.108347
3993,547.057972
3994,547.017766
3995,546.982259
3996,546.941967
3997,546.896526
3998,546.857191
3999,546.815305
4000,546.765542
4001,546.736853
4002,546.69208
4003,546.648936
4004,546.591445
4005,546.565022
4006,546.516019
4007,546.488514
4008,546.444154
4009,546.397263
4010,546.344992
4011,546.31566
4012,546.26433
4013,546.235216
4014,546.195823
4015,546.157004
4016,546.105918
4017,546.06351
4018,546.014376
4019,545.990126
4020,545.938499
4021,545.883755
4022,545.843153
4023,545.813016
4024,545.767573
4025,545.709103
4026,545.6767
4027,545.624152
4028,545.607628
4029,545.552218
4030,545.519964
4031,545.462356
4032,545.424276
4033,545.372185
4034,545.339115
4035,545.307078
4036,545.263419
4037,545.202489
4038,545.188965
4039,545.137005
4040,545.097736
4041,545.048107
4042,545.005194
4043,544.975036
4044,544.906813
4045,544.885817
4046,544.842339
4047,544.804591
4048,544.762698
4049,544.723169
4050,544.670157
4051,544.619001
4052,544.572903
4053,544.54641
4054,544.506165
4055,544.472576
4056,544.421661
4057,544.381727
4058,544.346426
4059,544.296326
4060,544.255472
4061,544.227954
4062,544.182005
4063,544.141104
4064,544.094511
4065,544.040709
4066,544.001131
4067,543.959907
4068,543.93332
4069,543.865526
4070,543.814919
4071,543.780652
4072,543.75125
4073,543.690076
4074,543.65098
4075,543.631664
4076,543.570431
4077,543.529415
4078,543.488112
4079,543.465112
4080,543.416805
4081,543.362451
4082,543.325848
4083,543.281715
4084,543.238329
4085,543.198497
4086,543.164185
4087,543.113726
4088,543.070709
4089,543.023056
4090,542.982407
4091,542.939284
4092,542.885894
4093,542.846131
4094,542.813749
4095,542.77341
4096,542.719571
4097,542.676598
4098,542.647552
4099,542.60021
4100,542.570622
4101,542.519303
4102,542.479216
4103,542.439039
4104,542.385725
4105,542.3484
4106,542.315419
4107,542.275804
4108,542.219678
4109,542.182959
4110,542.14039
4111,542.104073
4112,542.047554
4113,542.014712
4114,541.977384
4115,541.926329
4116,541.879376
4117,541.846245
4118,541.806837
4119,541.761427
4120,541.725134
4121,541.680654
4122,541.634254
4123,541.594317
4124,541.554644
4125,541.508969
4126,541.478197
4127,541.433152
4128,541.379416
4129,541.329624
4130,541.295815
4131,541.243448
4132,541.203037
4133,541.154475
4134,541.119505
4135,541.075464
4136,541.019129
4137,540.986284
4138,540.949003
4139,540.913446
4140,540.874417
4141,540.828614
4142,540.796621
4143,540.76418
4144,540.699991
4145,540.659064
4146,540.62484
4147,540.571472
4148,540.520482
4149,540.493596
4150,540.454382
4151,540.415514
4152,540.372031
4153,540.32615
4154,540.294571
4155,540.245041
4156,540.198881
4157,540.152837
4158,540.128928
4159,540.071371
4160,540.025283
4161,539.995623
4162,539.978121
4163,539.911573
4164,539.869817
4165,539.844897
4166,539.78932
4167,539.754693
4168,539.702898
4169,539.679577
4170,539.633462
4171,539.599088
4172,539.545968
4173,539.505674
4174,539.469194
4175,539.435432
4176,539.378794
4177,539.337772
4178,539.2952
4179,539.252318
4180,539.207491
4181,539.153326
4182,539.119998
4183,539.077148
4184,539.04405
4185,539.013714
4186,538.962043
4187,538.91487
4188,538.863245
4189,538.834414
4190,538.781467
4191,538.739824
4192,538.697962
4193,538.665407
4194,538.621718
4195,538.583155
4196,538.542434
4197,538.501848
4198,538.46039
4199,538.417251
4200,538.379071
4201,538.320983
4202,538.297348
4203,538.238707
4204,538.212579
4205,538.165137
4206,538.124081
4207,538.087797
4208,538.045439
4209,538.001405
4210,537.958726
4211,537.91913
4212,537.890528
4213,537.837775
4214,537.806976
4215,537.770081
4216,537.738985
4217,537.695441
4218,537.655316
4219,537.614948
4220,537.568509
4221,537.527164
4222,537.485103
4223,537.441
4224,537.394225
4225,537.337019
4226,537.311362
4227,537.27196
4228,537.221021
4229,537.182481
4230,537.157421
4231,537.099422
4232,537.060609
4233,537.018064
4234,536.962838
4235,536.935649
4236,536.8988
4237,536.842746
4238,536.802134
4239,536.762397
4240,536.7202
4241,536.69285
4242,536.665098
4243,536.595321
4244,536.560034
4245,536.518757
4246,536.480298
4247,536.436329
4248,536.387461
4249,536.35114
4250,536.306859
4251,536.266249
4252,536.213976
4253,536.177331
4254,536.14691
4255,536.081249
4256,536.053935
4257,536.016658
4258,535.961878
4259,535.940312
4260,535.8892
4261,535.864346
4262,535.813153
4263,535.774244
4264,535.736288
4265,535.690604
4266,535.648014
4267,535.606999
4268,535.565697
4269,535.536219
4270,535.490683
4271,535.446517
4272,535.39576
4273,535.373814
4274,535.32942
4275,535.284712
4276,535.23591
4277,535.192708
4278,535.161711
4279,535.12341
4280,535.088777
4281,535.038345
4282,534.998191
4283,534.955184
4284,534.899378
4285,534.86187
4286,534.81999
4287,534.783553
4288,534.750703
4289,534.708927
4290,534.653098
4291,534.617049
4292,534.567464
4293,534.535983
4294,534.487561
4295,534.457216
4296,534.397372
4297,534.366637
4298,534.32563
4299,534.289422
4300,534.245426
4301,534.196877
4302,534.164566
4303,534.122469
4304,534.073018
4305,534.037821
4306,533.999162
4307,533.960882
4308,533.926708
4309,533.885331
4310,533.860108
4311,533.828912
4312,533.767354
4313,533.733615
4314,533.697647
4315,533.650693
4316,533.607202
4317,533.568426
4318,533.540359
4319,533.498489
4320,533.460357
4321,533.420916
4322,533.370198
4323,533.334289
4324,533.272872
4325,533.237388
4326,533.19414
4327,533.144757
4328,533.110479
4329,533.080881
4330,533.025806
4331,532.982612
4332,532.946723
4333,532.900136
4334,532.850398
4335,532.824748
4336,532.776378
4337,532.7415
4338,532.697949
4339,532.665775
4340,532.622107
4341,532.591212
4342,532.543083
4343,532.496967
4344,532.449009
4345,532.417316
4346,532.384637
4347,532.333977
4348,532.299029
4349,532.259837
4350,532.217448
4351,532.177785
4352,532.142158
4353,532.082351
4354,532.052063
4355,532.008395
4356,531.967593
4357,531.927778
4358,531.882846
4359,531.828379
4360,531.80141
4361,531.759401
4362,531.725741
4363,531.67851
4364,531.633645
4365,531.590585
4366,531.551094
4367,531.507162
4368,531.472121
4369,531.413049
4370,531.382956
4371,531.348203
4372,531.304177
4373,531.249155
4374,531.21493
4375,531.173357
4376,531.12366
4377,531.082889
4378,531.045373
4379,531.012633
4380,530.962659
4381,530.931726
4382,530.897421
4383,530.851659
4384,530.824093
4385,530.765663
4386,530.719131
4387,530.679499
4388,530.649772
4389,530.603661
4390,530.5732
4391,530.532141
4392,530.488688
4393,530.450736
4394,530.410378
4395,530.361255
4396,530.338339
4397,530.302996
4398,530.249168
4399,530.205151
4400,530.168394
4401,530.119659
4402,530.087704
4403,530.058918
4404,530.01291
4405,529.971206
4406,529.916915
4407,529.901489
4408,529.848244
4409,529.799431
4410,529.75356
4411,529.730089
4412,529.69171
4413,529.64057
4414,529.600339
4415,529.550189
4416,529.520816
4417,529.482597
4418,529.438627
4419,529.396378
4420,529.359033
4421,529.305984
4422,529.274711
4423,529.227508
4424,529.185859
4425,529.142888
4426,529.111708
4427,529.062639
4428,529.018908
4429,528.984046
4430,528.949761
4431,528.912013
4432,528.872837
4433,528.816945
4434,528.780794
4435,528.732922
4436,528.706241
4437,528.654581
4438,528.616406
4439,528.567911
4440,528.534465
4441,528.501592
4442,528.454869
4443,528.411264
4444,528.351861
4445,528.332463
4446,528.289201
4447,528.245193
4448,528.196455
4449,528.157519
4450,528.101913
4451,528.07171
4452,528.031106
4453,527.995175
4454,527.952717
4455,527.90635
4456,527.853043
4457,527.818639
4458,527.779772
4459,527.749787
4460,527.70922
4461,527.665115
4462,527.613566
4463,527.570016
4464,527.543057
4465,527.49961
4466,527.449674
4467,527.410448
4468,527.370361
4469,527.3356
4470,527.275905
4471,527.234506
4472,527.201631
4473,527.150301
4474,527.11845
4475,527.078672
4476,527.03039
4477,526.976667
4478,526.968256
4479,526.926624
4480,526.875179
4481,526.849667
4482,526.813112
4483,526.773817
4484,526.72139
4485,526.688873
4486,526.645446
4487,526.596783
4488,526.554577
4489,526.522254
4490,526.485073
4491,526.441623
4492,526.413166
4493,526.370648
4494,526.322246
4495,526.282871
4496,526.237764
4497,526.204585
4498,526.162826
4499,526.133516
4500,526.068064
4501,526.038064
4502,525.992552
4503,525.953267
4504,525.91734
4505,525.872507
4506,525.834498
4507,525.78825
4508,525.751976
4509,525.707927
4510,525.668292
4511,525.630547
4512,525.586334
4513,525.544217
4514,525.52135
4515,525.474513
4516,525.441371
4517,525.395834
4518,525.351276
4519,525.318707
4520,525.285302
4521,525.237878
4522,525.212261
4523,525.179245
4524,525.137608
4525,525.079999
4526,525.044068
4527,525.010007
4528,524.961317
4529,524.924315
4530,524.880919
4531,524.848546
4532,524.799567
4533,524.765619
4534,524.73459
4535,524.675645
4536,524.643135
4537,524.61038
4538,524.557787
4539,524.534574
4540,524.484663
4541,524.442173
4542,524.416589
4543,524.380889
4544,524.324108
4545,524.296475
4546,524.244409
4547,524.221195
4548,524.164479
4549,524.139472
4550,524.08613
4551,524.062328
4552,524.006465
4553,523.972871
4554,523.937723
4555,523.888727
4556,523.844199
4557,523.814448
4558,523.786974
4559,523.73416
4560,523.687489
4561,523.65356
4562,523.610976
4563,523.575827
4564,523.543991
4565,523.511478
4566,523.466819
4567,523.428987
4568,523.385242
4569,523.349102
4570,523.306412
4571,523.259717
4572,523.220391
4573,523.18617
4574,523.134375
4575,523.09218
4576,523.059919
4577,523.016883
4578,522.977494
4579,522.92607
4580,522.898169
4581,522.86296
4582,522.7984
4583,522.753845
4584,522.721305
4585,522.687166
4586,522.632988
4587,522.606755
4588,522.564305
4589,522.521983
4590,522.480925
4591,522.437218
4592,522.404184
4593,522.367501
4594,522.330448
4595,522.294121
4596,522.25175
4597,522.200897
4598,522.170898
4599,522.132281
4600,522.091152
4601,522.052856
4602,522.01121
4603,521.960182
4604,521.912826
4605,521.888319
4606,521.826931
4607,521.796277
4608,521.762871
4609,521.735256
4610,521.686805
4611,521.662517
4612,521.617751
4613,521.570405
4614,521.538425
4615,521.488352
4616,521.446103
4617,521.405376
4618,521.373858
4619,521.33321
4620,521.294682
4621,521.258903
4622,521.212961
4623,521.173153
4624,521.127131
4625,521.099203
4626,521.063471
4627,521.020532
4628,520.977914
4629,520.942551
4630,520.91409
4631,520.867377
4632,520.826082
4633,520.788958
4634,520.751198
4635,520.703974
4636,520.670072
4637,520.612742
4638,520.573553
4639,520.543138
4640,520.513608
4641,520.461746
4642,520.433034
4643,520.384187
4644,520.347736
4645,520.32218
4646,520.279155
4647,520.22971
4648,520.197314
4649,520.153727
4650,520.124508
4651,520.084847
4652,520.040695
4653,520.006858
4654,519.948167
4655,519.91654
4656,519.898697
4657,519.849869
4658,519.800006
4659,519.756246
4660,519.730662
4661,519.693004
4662,519.63903
4663,519.614749
4664,519.566277
4665,519.52999
4666,519.487826
4667,519.447127
4668,519.413968
4669,519.368217
4670,519.326629
4671,519.300137
4672,519.263385
4673,519.219323
4674,519.189366
4675,519.142308
4676,519.101031
4677,519.070164
4678,519.026964
4679,518.993192
4680,518.965918
4681,518.920219
4682,518.879921
4683,518.845091
4684,518.807039
4685,518.768421
4686,518.720661
4687,518.698012
4688,518.660753
4689,518.61967
4690,518.573443
4691,518.540534
4692,518.494572
4693,518.453902
4694,518.424495
4695,518.384297
4696,518.345529
4697,518.30204
4698,518.261715
4699,518.229914
4700,518.176694
4701,518.138028
4702,518.09958
4703,518.06758
4704,518.01291
4705,517.985887
4706,517.939849
4707,517.90207
4708,517.848732
4709,517.812816
4710,517.772653
4711,517.749265
4712,517.711428
4713,517.678839
4714,517.637592
4715,517.595988
4716,517.559349
4717,517.511987
4718,517.472778
4719,517.436964
4720,517.392918
4721,517.350255
4722,517.311148
4723,517.271121
4724,517.230182
4725,517.201611
4726,517.159408
4727,517.129433
4728,517.088449
4729,517.05678
4730,517.017558
4731,516.97206
4732,516.940493
4733,516.89426
4734,516.855381
4735,516.836299
4736,516.776635
4737,516.738908
4738,516.71636
4739,516.648495
4740,516.615295
4741,516.585168
4742,516.552934
4743,516.502469
4744,516.482155
4745,516.435573
4746,516.396141
4747,516.360671
4748,516.311127
4749,516.269079
4750,516.234658
4751,516.194362
4752,516.169867
4753,516.112939
4754,516.068601
4755,516.034291
4756,515.992835
4757,515.965632
4758,515.903013
4759,515.864513
4760,515.8181
4761,515.803118
4762,515.758626
4763,515.714654
4764,515.68084
4765,515.643216
4766,515.597503
4767,515.561835
4768,515.530382
4769,515.479626
4770,515.447896
4771,515.407367
4772,515.3768
4773,515.321262
4774,515.282264
4775,515.25369
4776,515.207296
4777,515.164151
4778,515.140366
4779,515.095784
4780,515.057439
4781,515.008339
4782,514.96334
4783,514.959804
4784,514.90765
4785,514.855301
4786,514.823155
4787,514.787633
4788,514.735135
4789,514.694628
4790,514.660786
4791,514.62023
4792,514.578776
4793,514.536515
4794,514.503353
4795,514.467613
4796,514.428207
4797,514.386246
4798,514.352301
4799,514.298487
4800,514.268481
4801,514.222163
4802,514.18619
4803,514.1422
4804,514.106296
4805,514.069193
4806,514.02359
4807,513.989425
4808,513.945031
4809,513.898172
4810,513.871678
4811,513.822826
4812,513.781794
4813,513.743332
4814,513.707045
4815,513.694824
4816,513.640591
4817,513.607149
4818,513.568883
4819,513.529612
4820,513.503117
4821,513.454976
4822,513.40162
4823,513.366531
4824,513.312562
4825,513.291974
4826,513.244721
4827,513.208052
4828,513.157827
4829,513.120697
4830,513.094513
4831,513.044402
4832,513.024333
4833,512.982999
4834,512.944222
4835,512.89798
4836,512.85418
4837,512.80083
4838,512.760404
4839,512.724195
4840,512.680925
4841,512.674473
4842,512.608923
4843,512.565247
4844,512.531319
4845,512.488761
4846,512.454281
4847,512.414361
4848,512.381285
4849,512.336225
4850,512.300431
4851,512.251594
4852,512.21763
4853,512.190889
4854,512.12871
4855,512.097704
4856,512.078925
4857,512.027401
4858,511.984853
4859,511.945371
4860,511.912868
4861,511.874525
4862,511.839511
4863,511.794416
4864,511.750621
4865,511.710721
4866,511.676513
4867,511.630786
4868,511.600101
4869,511.553138
4870,511.516831
4871,511.480158
4872,511.451815
4873,511.41082
4874,511.373292
4875,511.331846
4876,511.295064
4877,511.256098
4878,511.211897
4879,511.162791
4880,511.133844
4881,511.103922
4882,511.062948
4883,511.031676
4884,510.984167
4885,510.947064
4886,510.905018
4887,510.868536
4888,510.837828
4889,510.801935
4890,510.778774
4891,510.71949
4892,510.674791
4893,510.635671
4894,510.591248
4895,510.563744
4896,510.503489
4897,510.469079
4898,510.440745
4899,510.386401
4900,510.341944
4901,510.316845
4902,510.29026
4903,510.252221
4904,510.20955
4905,510.159365
4906,510.121818
4907,510.087283
4908,510.057298
4909,510.004855
4910,509.9596
4911,509.927137
4912,509.894419
4913,509.851723
4914,509.816357
4915,509.77493
4916,509.735874
4917,509.679637
4918,509.656474
4919,509.622211
4920,509.59339
4921,509.552074
4922,509.515577
4923,509.478123
4924,509.439783
4925,509.400413
4926,509.353809
4927,509.310153
4928,509.275902
4929,509.24021
4930,509.203759
4931,509.178955
4932,509.125125
4933,509.09493
4934,509.051896
4935,509.009599
4936,508.96624
4937,508.934952
4938,508.886129
4939,508.850978
4940,508.809568
4941,508.76599
4942,508.746429
4943,508.695036
4944,508.660278
4945,508.616329
4946,508.594948
4947,508.556693
4948,508.503409
4949,508.470584
4950,508.433308
4951,508.389959
4952,508.339141
4953,508.314635
4954,508.27698
4955,508.229873
4956,508.196977
4957,508.151689
4958,508.120764
4959,508.069264
4960,508.035976
4961,508.006537
4962,507.961155
4963,507.928859
4964,507.895708
4965,507.837013
4966,507.797934
4967,507.760876
4968,507.730308
4969,507.694458
4970,507.657031
4971,507.614552
4972,507.573285
4973,507.536132
4974,507.489123
4975,507.448028
4976,507.421884
4977,507.387843
4978,507.338643
4979,507.313204
4980,507.282045
4981,507.239462
4982,507.201362
4983,507.161004
4984,507.116828
4985,507.08839
4986,507.0352
4987,506.996029
4988,506.950874
4989,506.912358
4990,506.871628
4991,506.833875
4992,506.809642
4993,506.762918
4994,506.722625
4995,506.672881
4996,506.658953
4997,506.60779
4998,506.567545
4999,506.532347
5000,506.498035
5001,506.456867
5002,506.41843
5003,506.377825
5004,506.342224
5005,506.306128
5006,506.277281
5007,506.231049
5008,506.192519
5009,506.15475
5010,506.116542
5011,506.07605
5012,506.051677
5013,506.013965
5014,505.97647
5015,505.941272
5016,505.881812
5017,505.857555
5018,505.819908
5019,505.790011
5020,505.744262
5021,505.704943
5022,505.664901
5023,505.623946
5024,505.584917
5025,505.545828
5026,505.513798
5027,505.479784
5028,505.437895
5029,505.411685
5030,505.372449
5031,505.338387
5032,505.31128
5033,505.264582
5034,505.23232
5035,505.193311
5036,505.153725
5037,505.121542
5038,505.082569
5039,505.040297
5040,505.010017
5041,504.954391
5042,504.935123
5043,504.881389
5044,504.849403
5045,504.820307
5046,504.788008
5047,504.746428
5048,504.704027
5049,504.6801
5050,504.64209
5051,504.590373
5052,504.573906
5053,504.537119
5054,504.492976
5055,504.446723
5056,504.395142
5057,504.369207
5058,504.331923
5059,504.289291
5060,504.246173
5061,504.214608
5062,504.178871
5063,504.116148
5064,504.080767
5065,504.050402
5066,504.013371
5067,503.963827
5068,503.93631
5069,503.904711
5070,503.861695
5071,503.823408
5072,503.792914
5073,503.747246
5074,503.713995
5075,503.67025
5076,503.635618
5077,503.585877
5078,503.549109
5079,503.512089
5080,503.492309
5081,503.455968
5082,503.409916
5083,503.375534
5084,503.344026
5085,503.31021
5086,503.271539
5087,503.220906
5088,503.196547
5089,503.150701
5090,503.112616
5091,503.071869
5092,503.029773
5093,502.988953
5094,502.955942
5095,502.922262
5096,502.870694
5097,502.83945
5098,502.804846
5099,502.765134
5100,502.731108
5101,502.693231
5102,502.636539
5103,502.600125
5104,502.570285
5105,502.536154
5106,502.49192
5107,502.461667
5108,502.424408
5109,502.392435
5110,502.339317
5111,502.311587
5112,502.281839
5113,502.223703
5114,502.200057
5115,502.158301
5116,502.141092
5117,502.085988
5118,502.039651
5119,501.999648
5120,501.96975
5121,501.937613
5122,501.898253
5123,501.852297
5124,501.825374
5125,501.778552
5126,501.744729
5127,501.713918
5128,501.673092
5129,501.62838
5130,501.598569
5131,501.561091
5132,501.525975
5133,501.481227
5134,501.453761
5135,501.406312
5136,501.350303
5137,501.32039
5138,501.282897
5139,501.249892
5140,501.209734
5141,501.192788
5142,501.136038
5143,501.08822
5144,501.064731
5145,501.029023
5146,501.001315
5147,500.975678
5148,500.925287
5149,500.876114
5150,500.84846
5151,500.795932
5152,500.762324
5153,500.72025
5154,500.685913
5155,500.642382
5156,500.611139
5157,500.566409
5158,500.531243
5159,500.493849
5160,500.464924
5161,500.420055
5162,500.388844
5163,500.332239
5164,500.31319
5165,500.247032
5166,500.230532
5167,500.180539
5168,500.152234
5169,500.111896
5170,500.06632
5171,500.022915
5172,499.987386
5173,499.949632
5174,499.932249
5175,499.908209
5176,499.871497
5177,499.832425
5178,499.795286
5179,499.758101
5180,499.730186
5181,499.696966
5182,499.656193
5183,499.6104
5184,499.58113
5185,499.557567
5186,499.509031
5187,499.460309
5188,499.432632
5189,499.379875
5190,499.354143
5191,499.30676
5192,499.282197
5193,499.243739
5194,499.197533
5195,499.159006
5196,499.115951
5197,499.088325
5198,499.051481
5199,499.009327
5200,498.982318
5201,498.936932
5202,498.90132
5203,498.865758
5204,498.830446
5205,498.809385
5206,498.768934
5207,498.733219
5208,498.691953
5209,498.655342
5210,498.612516
5211,498.571581
5212,498.536836
5213,498.510357
5214,498.459226
5215,498.42847
5216,498.38675
5217,498.344032
5218,498.314663
5219,498.273743
5220,498.243454
5221,498.20367
5222,498.166028
5223,498.127286
5224,498.102638
5225,498.056749
5226,498.022065
5227,497.985979
5228,497.94587
5229,497.895021
5230,497.864808
5231,497.846707
5232,497.794673
5233,497.750452
5234,497.723747
5235,497.677092
5236,497.645005
5237,497.593243
5238,497.565962
5239,497.5365
5240,497.497092
5241,497.447174
5242,497.422014
5243,497.391275
5244,497.34381
5245,497.301564
5246,497.279685
5247,497.241429
5248,497.197414
5249,497.176782
5250,497.139123
5251,497.09894
5252,497.061073
5253,497.034025
5254,496.996123
5255,496.952344
5256,496.911914
5257,496.867606
5258,496.824076
5259,496.782715
5260,496.746265
5261,496.71132
5262,496.672365
5263,496.644179
5264,496.607153
5265,496.572812
5266,496.527062
5267,496.488014
5268,496.456577
5269,496.415024
5270,496.367459
5271,496.345728
5272,496.293913
5273,496.251659
5274,496.212882
5275,496.186835
5276,496.164965
5277,496.104663
5278,496.07113
5279,496.033613
5280,495.999767
5281,495.951975
5282,495.921895
5283,495.884202
5284,495.850863
5285,495.81302
5286,495.767589
5287,495.740803
5288,495.702097
5289,495.651588
5290,495.620138
5291,495.577515
5292,495.535592
5293,495.501764
5294,495.476237
5295,495.428503
5296,495.407534
5297,495.369385
5298,495.332961
5299,495.28684
5300,495.260221
5301,495.207496
5302,495.190486
5303,495.153403
5304,495.115596
5305,495.082036
5306,495.046456
5307,495.013298
5308,494.978118
5309,494.940548
5310,494.901532
5311,494.865546
5312,494.826149
5313,494.780951
5314,494.754624
5315,494.732132
5316,494.692607
5317,494.644513
5318,494.604088
5319,494.570903
5320,494.5352
5321,494.502323
5322,494.465954
5323,494.412328
5324,494.373349
5325,494.350647
5326,494.309761
5327,494.263187
5328,494.231088
5329,494.205687
5330,494.157732
5331,494.124964
5332,494.082776
5333,494.034501
5334,494.016989
5335,493.980671
5336,493.940067
5337,493.900083
5338,493.867288
5339,493.82513
5340,493.799471
5341,493.761736
5342,493.722634
5343,493.684556
5344,493.64098
5345,493.616054
5346,493.578065
5347,493.543925
5348,493.512185
5349,493.461588
5350,493.437879
5351,493.405679
5352,493.354196
5353,493.314811
5354,493.296112
5355,493.254324
5356,493.227397
5357,493.179187
5358,493.140006
5359,493.109928
5360,493.055887
5361,493.017627
5362,492.977342
5363,492.947906
5364,492.90593
5365,492.871322
5366,492.848759
5367,492.795713
5368,492.747587
5369,492.723839
5370,492.674436
5371,492.652881
5372,492.607684
5373,492.573452
5374,492.536207
5375,492.490238
5376,492.459969
5377,492.41624
5378,492.380949
5379,492.346289
5380,492.293557
5381,492.266541
5382,492.216532
5383,492.172675
5384,492.155924
5385,492.117469
5386,492.058502
5387,492.030252
5388,492.000924
5389,491.962857
5390,491.927445
5391,491.900725
5392,491.865372
5393,491.819471
5394,491.783912
5395,491.753452
5396,491.727537
5397,491.675175
5398,491.635126
5399,491.617684
5400,491.578934
5401,491.537782
5402,491.500607
5403,491.469341
5404,491.419701
5405,491.386882
5406,491.354489
5407,491.323373
5408,491.298015
5409,491.254423
5410,491.217463
5411,491.184001
5412,491.126419
5413,491.100362
5414,491.055855
5415,491.028462
5416,490.982958
5417,490.93792
5418,490.900983
5419,490.865353
5420,490.83896
5421,490.800661
5422,490.763007
5423,490.74011
5424,490.710771
5425,490.66173
5426,490.638301
5427,490.594457
5428,490.562785
5429,490.525771
5430,490.501329
5431,490.448687
5432,490.418114
5433,490.373315
5434,490.349688
5435,490.305634
5436,490.283136
5437,490.233226
5438,490.188655
5439,490.162085
5440,490.130429
5441,490.077414
5442,490.05519
5443,490.024832
5444,489.992726
5445,489.938985
5446,489.908201
5447,489.873576
5448,489.845714
5449,489.793719
5450,489.769791
5451,489.724982
5452,489.703837
5453,489.661172
5454,489.611693
5455,489.585566
5456,489.545313
5457,489.502932
5458,489.458342
5459,489.424589
5460,489.396585
5461,489.353154
5462,489.327511
5463,489.283366
5464,489.245768
5465,489.212888
5466,489.173471
5467,489.148252
5468,489.100744
5469,489.069715
5470,489.031943
5471,488.989603
5472,488.959515
5473,488.920349
5474,488.893137
5475,488.85976
5476,488.814965
5477,488.787536
5478,488.748737
5479,488.713056
5480,488.681631
5481,488.635179
5482,488.605262
5483,488.567175
5484,488.525269
5485,488.501908
5486,488.464751
5487,488.418874
5488,488.392913
5489,488.363374
5490,488.328944
5491,488.292913
5492,488.252719
5493,488.221763
5494,488.167723
5495,488.123855
5496,488.107906
5497,488.066468
5498,488.017109
5499,487.981158
5500,487.934436
5501,487.918416
5502,487.865109
5503,487.82987
5504,487.79225
5505,487.764445
5506,487.726433
5507,487.681412
5508,487.654677
5509,487.614649
5510,487.575657
5511,487.563951
5512,487.52902
5513,487.482593
5514,487.43819
5515,487.417565
5516,487.38214
5517,487.340454
5518,487.306894
5519,487.268462
5520,487.225082
5521,487.181252
5522,487.148506
5523,487.12537
5524,487.094328
5525,487.0582
5526,487.010615
5527,486.979262
5528,486.955735
5529,486.901717
5530,486.880146
5531,486.845141
5532,486.806201
5533,486.78426
5534,486.740613
5535,486.697954
5536,486.65709
5537,486.610666
5538,486.584594
5539,486.555527
5540,486.52515
5541,486.487933
5542,486.454826
5543,486.401874
5544,486.371024
5545,486.346631
5546,486.313202
5547,486.286873
5548,486.242726
5549,486.210598
5550,486.166405
5551,486.127919
5552,486.103331
5553,486.057662
5554,486.028548
5555,485.978735
5556,485.940711
5557,485.914392
5558,485.875331
5559,485.831386
5560,485.797286
5561,485.76146
5562,485.735615
5563,485.685799
5564,485.658582
5565,485.626979
5566,485.590622
5567,485.56481
5568,485.509813
5569,485.476966
5570,485.43668
5571,485.41773
5572,485.382258
5573,485.326994
5574,485.307791
5575,485.253159
5576,485.24322
5577,485.192667
5578,485.148788
5579,485.124713
5580,485.084609
5581,485.048975
5582,485.020224
5583,484.997806
5584,484.94778
5585,484.922587
5586,484.870243
5587,484.847766
5588,484.80802
5589,484.76383
5590,484.726443
5591,484.696759
5592,484.665542
5593,484.633809
5594,484.599967
5595,484.563327
5596,484.520171
5597,484.485314
5598,484.462917
5599,484.429929
5600,484.397596
5601,484.361703
5602,484.335356
5603,484.284516
5604,484.26152
5605,484.226227
5606,484.191359
5607,484.144479
5608,484.114482
