% Model,LargeGraphiteBlockCharge_v3_Tinbnd_charge_skeleton.mph
% Version,COMSOL 6.0.0.405
% Date,"Sep 26 2022, 17:21"
% Table,Accumulated Probe Table 24 - 
% hours (h),init_T_add,max_T_add,Time (s),"Temperature (K), inlet_T","Temperature (K), outlet_T_5","Temperature (K), block_1","Temperature (K), Sn_block_1","Temperature (K), bottom_right_T","Outward mass flow rate across feature selection (kg/s), mass_flowrate","State variable TimeInt (J), Domain Probe 7",Global Variable Probe 1
5,0,0,0,2660.0377005831524,2160.0364409665426,2173.003357578453,2174.5559479667436,2173.000000000058,0.2447698110515844,10574.614200226859,5.2873004359916234E8
5,0,0,180,2672.0979187320745,2172.097918732074,2177.9333655725572,2238.280982458105,2173.0000173320454,0.2447698110515854,5297875.050197558,5.2873004359916234E8
5,0,0,360,2672.4433315005003,2172.4433315005012,2183.087516236657,2253.292805777671,2173.001811093042,0.24476981105158527,1.0585175486189172E7,5.2873004359916234E8
5,0,0,540,2672.835980303832,2173.156906814817,2188.2663640137384,2262.682499584459,2173.0148017597126,0.24476981105158496,1.5869077894736128E7,5.2873004359916234E8
5,0,0,720,2673.001453939248,2174.2614757634938,2193.4510590257555,2269.719788906437,2173.0484279437396,0.24476981105158496,2.114304780913402E7,5.2873004359916234E8
5,0,0,900,2673.0017216482556,2174.9524016034834,2198.6323335865495,2275.8613431023105,2173.109849518653,0.24476981105158513,2.6409728973230183E7,5.2873004359916234E8
5,0,0,1080,2673.0000003908062,2175.697654119013,2203.8076828609305,2281.500667372996,2173.204553166289,0.2447698110515852,3.1668502765657473E7,5.2873004359916234E8
5,0,0,1260,2673.0000190601477,2176.4949976004473,2208.9770134755063,2286.8889767255428,2173.3292321020394,0.24476981105158496,3.692030777974647E7,5.2873004359916234E8
5,0,0,1440,2673.0000920878383,2177.3362437244095,2214.139953929247,2292.1181190807433,2173.48383068527,0.24476981105158513,4.21652075254161E7,5.2873004359916234E8
5,0,0,1620,2672.9999983138773,2178.2286652766625,2219.294793230735,2297.236082291933,2173.6743317088985,0.2447698110515852,4.740151421885302E7,5.2873004359916234E8
5,0,0,1800,2672.999989509531,2179.180324856055,2224.4402488058486,2302.278785491362,2173.9045589423727,0.2447698110515852,5.262824716998405E7,5.2873004359916234E8
5,0,0,1980,2673.0000026269918,2180.1964936640697,2229.575420054533,2307.274004859059,2174.176454765291,0.24476981105158482,5.784462523506179E7,5.2873004359916234E8
5,0,0,2160,2673.0000015066503,2181.2815283129967,2234.6995245878497,2312.236224996257,2174.4914799314056,0.24476981105158518,6.304990246722373E7,5.2873004359916234E8
5,0,0,2340,2672.99999944594,2182.4388706820328,2239.811805256117,2317.171364061636,2174.8510751779145,0.2447698110515851,6.824332047610329E7,5.2873004359916234E8
5,0,0,2520,2672.999999857794,2183.6708855530305,2244.9114990989215,2322.081319328249,2175.256788702592,0.24476981105158535,7.342410006614685E7,5.2873004359916234E8
5,0,0,2700,2673.000000109688,2184.9790471958217,2249.997831128834,2326.9663170402355,2175.710272669589,0.24476981105158513,7.859144468468112E7,5.2873004359916234E8
5,0,0,2880,2673.0000000080645,2186.3642261470836,2255.070016960033,2331.825744667381,2176.2132339705386,0.24476981105158488,8.374454585252249E7,5.2873004359916234E8
5,0,0,3060,2672.9999999821175,2187.8269038914727,2260.1272665038864,2336.6584888424854,2176.7673801868723,0.24476981105158493,8.888258772498068E7,5.2873004359916234E8
5,0,0,3240,2673.000000001274,2189.3673165177192,2265.168786175317,2341.4631891406425,2177.3743777435648,0.2447698110515854,9.400475034022932E7,5.2873004359916234E8
5,0,0,3420,2673.000000002466,2190.985515651101,2270.1938050061917,2346.2388205461266,2178.035774222447,0.24476981105158488,9.911020901569925E7,5.2873004359916234E8
5,0,0,3600,2672.999999998323,2192.681433687704,2275.201635105939,2350.9848703440866,2178.7528741823176,0.24476981105158482,1.0419813037763019E8,5.2873004359916234E8
5,0,0,3780,2672.999999997768,2194.4549224292305,2280.191410709628,2355.7008491787865,2179.527256718072,0.24476981105158513,1.0926770533691423E8,5.2873004359916234E8
5,0,0,3960,2673.000000000161,2196.3057308266407,2285.1622803813666,2360.386373775179,2180.3603731680773,0.2447698110515854,1.1431811698380186E8,5.2873004359916234E8
5,0,0,4140,2673.0000000011005,2198.2334852099575,2290.1134270245666,2365.0408041451346,2181.2535085588042,0.2447698110515851,1.193485507457223E8,5.2873004359916234E8
5,0,0,4320,2673.0000000001173,2200.2376889007232,2295.0440568415806,2369.66314761131,2182.207809723308,0.24476981105158518,1.2435819618291582E8,5.2873004359916234E8
5,0,0,4500,2672.999999999443,2202.3177483951317,2299.9533888143615,2374.2519963594614,2183.2243128563805,0.24476981105158488,1.2934624841068512E8,5.2873004359916234E8
5,0,0,4680,2672.999999999816,2204.4729723368623,2304.8406480705466,2378.806048490755,2184.303956683599,0.24476981105158482,1.3431190926538283E8,5.2873004359916234E8
5,0,0,4860,2673.000000000247,2206.7025222868697,2309.7050631289753,2383.324751692805,2185.447585642044,0.24476981105158518,1.3925438873922008E8,5.2873004359916234E8
5,0,0,5040,2673.0000000001482,2209.0055029512273,2314.545867617141,2387.8081942934286,2186.6559484495406,0.24476981105158513,1.441729058445323E8,5.2873004359916234E8
5,0,0,5220,2672.999999999904,2211.3810328806817,2319.362302174578,2392.2568011179933,2187.929695396746,0.2447698110515854,1.4906668880241492E8,5.2873004359916234E8
5,0,0,5400,2672.999999999903,2213.8282024654864,2324.153619841337,2396.6701628156115,2189.269377561539,0.2447698110515852,1.5393497531758142E8,5.2873004359916234E8
5,0,0,5580,2673.0000000000296,2216.3458862134685,2328.9190888319145,2401.04686418722,2190.675449132701,0.24476981105158474,1.5877701421441236E8,5.2873004359916234E8
5,0,0,5760,2673.000000000057,2218.93271155638,2333.657992285928,2405.385137483167,2192.148270676578,0.24476981105158535,1.6359206771136433E8,5.2873004359916234E8
5,0,0,5940,2673.0000000000014,2221.587221807083,2338.369594758703,2409.684304976863,2193.6881183876453,0.24476981105158557,1.6837941528895578E8,5.2873004359916234E8
5,0,0,6120,2672.999999999994,2224.3080190152014,2343.0531070996267,2413.9446771829453,2195.2951910806514,0.24476981105158496,1.731383559436778E8,5.2873004359916234E8
5,0,0,6300,2673.0000000000045,2227.094383864335,2347.708030504058,2418.1664759895416,2196.969503439518,0.24476981105158474,1.7786817141972172E8,5.2873004359916234E8
5,0,0,6480,2673.0000000000064,2229.9450424572133,2352.3336780646455,2422.3495539432383,2198.711049438043,0.24476981105158527,1.8256818417105973E8,5.2873004359916234E8
5,0,0,6660,2673,2232.8580777160782,2356.929364152002,2426.493213053874,2200.519744022309,0.24476981105158532,1.8723772673548198E8,5.2873004359916234E8
5,0,0,6840,2672.999999999998,2235.831287744576,2361.494412395936,2430.596344587203,2202.395403728415,0.2447698110515852,1.9187615486524692E8,5.2873004359916234E8
5,0,0,7020,2673,2238.863165445724,2366.028114697758,2434.658388025125,2204.3377345382823,0.24476981105158482,1.964828459156204E8,5.2873004359916234E8
5,0,0,7200,2673.000000000002,2241.9530621883546,2370.5300027536673,2438.6791690541627,2206.346419968781,0.24476981105158482,2.010571656020046E8,5.2873004359916234E8
5,0,0,7380,2673,2245.099050051346,2374.999359117497,2442.6584765078305,2208.420938763375,0.24476981105158532,2.0559852840612498E8,5.2873004359916234E8
5,0,0,7560,2673,2248.2986933486554,2379.4357288648075,2446.595969388625,2210.560837352225,0.2447698110515852,2.1010634742810106E8,5.2873004359916234E8
5,0,0,7740,2673,2251.5506065509544,2383.8385694906074,2450.492017798262,2212.765546684051,0.24476981105158502,2.1458005804017374E8,5.2873004359916234E8
5,0,0,7920,2673,2254.853632111063,2388.2073885664927,2454.3463025424926,2215.0344663340993,0.24476981105158482,2.1901910656001842E8,5.2873004359916234E8
5,0,0,8100,2673,2258.2055487792336,2392.5415094476284,2458.158103372085,2217.366688947571,0.24476981105158446,2.234229812674003E8,5.2873004359916234E8
5,0,0,8280,2673,2261.615421728921,2396.8313263962,2461.915789170382,2219.77732830449,0.24476981105158488,2.277818092703464E8,5.2873004359916234E8
5,0,0,8460,2673,2265.080237809435,2401.07668057631,2465.6202154059047,2222.2639542946827,0.24476981105158527,2.320953977415862E8,5.2873004359916234E8
5,0,0,8640,2673,2268.586522040111,2405.285558657126,2469.281549598563,2224.8104254450814,0.24476981105158488,2.3637190872302565E8,5.2873004359916234E8
5,0,0,8820,2673,2272.1323718116982,2409.4575617872847,2472.8996280333613,2227.4156565528942,0.2447698110515847,2.4061092376695025E8,5.2873004359916234E8
5,0,0,9000,2673,2275.7159015165817,2413.592298505884,2476.4742752402385,2230.0785330024546,0.24476981105158496,2.4481204441843927E8,5.2873004359916234E8
5,0,0,9180,2673,2279.3352175496993,2417.6893966054813,2480.005414133648,2232.7978911616883,0.2447698110515848,2.489748922547868E8,5.2873004359916234E8
5,0,0,9360,2673,2282.9884231701835,2421.7485033983853,2483.493022950223,2235.57252122185,0.24476981105158488,2.5309910890489385E8,5.2873004359916234E8
5,0,0,9540,2673,2286.673628298629,2425.769285805359,2486.937093696083,2238.4011701929458,0.2447698110515847,2.571843559873422E8,5.2873004359916234E8
5,0,0,9720,2673,2290.388944964774,2429.751430370556,2490.337622985042,2241.2825446635165,0.2447698110515852,2.6123031508443317E8,5.2873004359916234E8
5,0,0,9900,2673,2294.132502395533,2433.694643131898,2493.6946113473527,2244.215312882797,0.24476981105158527,2.6523668755913883E8,5.2873004359916234E8
5,0,0,10080,2673,2297.9024212365316,2437.598649640388,2497.0080725438083,2247.198107690361,0.24476981105158488,2.692031946535124E8,5.2873004359916234E8
5,0,0,10260,2673,2301.6968409723204,2441.4631947118874,2500.278039405256,2250.229529452071,0.24476981105158502,2.7312957728035694E8,5.2873004359916234E8
5,0,0,10440,2673,2305.513908390224,2445.288042432795,2503.504565349202,2253.3081487613404,0.24476981105158518,2.7701559594870245E8,5.2873004359916234E8
5,0,0,10620,2673,2309.3517925035567,2449.0729758390485,2506.687722790004,2256.432508949366,0.24476981105158532,2.808610305284354E8,5.2873004359916234E8
5,0,0,10800,2673,2313.2086761140695,2452.8177968261934,2509.8276017059943,2259.6011281448446,0.2447698110515854,2.846656801084057E8,5.2873004359916234E8
5,0,0,10980,2673,2317.082754214357,2456.5223260780044,2512.9243098374177,2262.8125015279015,0.24476981105158543,2.884293628664959E8,5.2873004359916234E8
5,0,0,11160,2673,2320.9722370550007,2460.1864028374257,2515.9779669670147,2266.065104764616,0.2447698110515854,2.921519159030281E8,5.2873004359916234E8
5,0,0,11340,2673,2324.87536817901,2463.8098845605386,2518.9887096941616,2269.357396184023,0.24476981105158532,2.9583319489238155E8,5.2873004359916234E8
5,0,0,11520,2673,2328.7904034429125,2467.392646881548,2521.9566890830833,2272.687818759861,0.24476981105158518,2.99473073950907E8,5.2873004359916234E8
5,0,0,11700,2673,2332.715630389262,2470.934583186759,2524.8820700723513,2276.0548024549526,0.2447698110515851,3.030714453048649E8,5.2873004359916234E8
5,0,0,11880,2673,2336.649359810995,2474.435604413373,2527.7650300535215,2279.4567662062873,0.24476981105158518,3.066282190450463E8,5.2873004359916234E8
5,0,0,12060,2673,2340.5899207506363,2477.8956389122504,2530.6057635304146,2282.8921200860404,0.2447698110515851,3.1014332293462926E8,5.2873004359916234E8
5,0,0,12240,2673,2344.5356635822877,2481.314632132445,2533.4044762740523,2286.3592682934755,0.24476981105158474,3.136167021743864E8,5.2873004359916234E8
5,0,0,12420,2673,2348.484985659299,2484.6925461607275,2536.161386322064,2289.856610760087,0.2447698110515851,3.1704831891437775E8,5.2873004359916234E8
5,0,0,12600,2673,2352.436307850443,2488.0293595774956,2538.8767229542386,2293.3825445716634,0.24476981105158552,3.2043815200593996E8,5.2873004359916234E8
5,0,0,12780,2673,2356.3880718723453,2491.3250671126243,2541.550728816451,2296.9354665640953,0.24476981105158552,3.2378619677543944E8,5.2873004359916234E8
5,0,0,12960,2673,2360.3387518212458,2494.5796793580525,2544.183655870757,2300.513775068485,0.24476981105158527,3.2709246468712026E8,5.2873004359916234E8
5,0,0,13140,2673,2364.286858439414,2497.7932224381325,2546.775768226661,2304.1158712881124,0.24476981105158513,3.303569829543374E8,5.2873004359916234E8
5,0,0,13320,2673,2368.2309273401524,2500.965737673505,2549.327340255476,2307.74016173864,0.2447698110515854,3.335797942722168E8,5.2873004359916234E8
5,0,0,13500,2673,2372.169535626779,2504.0972811622823,2551.8386553845085,2311.3850593663283,0.24476981105158532,3.367609563825929E8,5.2873004359916234E8
5,0,0,13680,2673,2376.1012923179924,2507.1879235359147,2554.3100069096354,2315.048984692592,0.2447698110515851,3.399005417393875E8,5.2873004359916234E8
5,0,0,13860,2673,2380.0248291175035,2510.237749638483,2556.7416966410933,2318.7303682850743,0.2447698110515852,3.4299863726682323E8,5.2873004359916234E8
5,0,0,14040,2673,2383.9388162258197,2513.246858111159,2559.1340351924177,2322.4276522383434,0.2447698110515854,3.460553439467912E8,5.2873004359916234E8
5,0,0,14220,2673,2387.8419678770274,2516.2153610391847,2561.487342026461,2326.1392911111043,0.24476981105158493,3.490707763603627E8,5.2873004359916234E8
5,0,0,14400,2673,2391.7330172203597,2519.1433836644574,2563.8019437630023,2329.8637536851415,0.24476981105158463,3.52045062486206E8,5.2873004359916234E8
5,0,0,14580,2673,2395.610742177505,2522.031063912347,2566.07817338404,2333.5995240728626,0.24476981105158474,3.549783432223457E8,5.2873004359916234E8
5,0,0,14760,2673,2399.473955931442,2524.878552137636,2568.3163721713818,2337.345102694189,0.2447698110515851,3.578707720211124E8,5.2873004359916234E8
5,0,0,14940,2673,2403.3215014585726,2527.686010678247,2570.5168884906393,2341.0990077781275,0.2447698110515851,3.607225145645271E8,5.2873004359916234E8
5,0,0,15120,2673,2407.1522623641167,2530.453613501247,2572.6800740792046,2344.859776053354,0.24476981105158482,3.635337483441003E8,5.2873004359916234E8
5,0,0,15300,2673,2410.9651552542473,2533.181545900665,2574.8062897198647,2348.625963612446,0.2447698110515852,3.663046623080651E8,5.2873004359916234E8
5,0,0,15480,2673,2414.759122858135,2535.8700041436623,2576.895899677015,2352.3961477850407,0.24476981105158496,3.69035456582741E8,5.2873004359916234E8
5,0,0,15660,2673,2418.533156632503,2538.5191949749624,2578.9492739401326,2356.1689277809737,0.24476981105158518,3.7172634196002626E8,5.2873004359916234E8
5,0,0,15840,2673,2422.286278709881,2541.1293353964834,2580.966786684189,2359.9429251126057,0.24476981105158482,3.7437753957464546E8,5.2873004359916234E8
5,0,0,16020,2673,2426.0175373445145,2543.7006522751435,2582.948817452902,2363.716784871828,0.24476981105158502,3.769892806229365E8,5.2873004359916234E8
5,0,0,16200,2673,2429.726027751713,2546.2333818855177,2584.895748277667,2367.489176157382,0.24476981105158527,3.7956180586802185E8,5.2873004359916234E8
5,0,0,16380,2673,2433.4108831487665,2548.7277695828166,2586.8079666801177,2371.2587925454877,0.2447698110515851,3.8209536524059933E8,5.2873004359916234E8
5,0,0,16560,2673,2437.071249360899,2551.1840696071395,2588.685861473597,2375.024353373383,0.24476981105158518,3.84590217706577E8,5.2873004359916234E8
5,0,0,16740,2673,2440.7063226549485,2553.602544533319,2590.529826098777,2378.784603958583,0.2447698110515854,3.870466307262473E8,5.2873004359916234E8
5,0,0,16920,2673,2444.315337899184,2555.9834649714658,2592.3402558235152,2382.53831577449,0.24476981105158496,3.89464879852191E8,5.2873004359916234E8
5,0,0,17100,2673,2447.8975458008927,2558.327109317005,2594.117549312637,2386.2842875743704,0.24476981105158463,3.918452485647233E8,5.2873004359916234E8
5,0,0,17280,2673,2451.4522442778707,2560.6337632450554,2595.8621063100177,2390.0213456325573,0.24476981105158493,3.9418802776151544E8,5.2873004359916234E8
5,0,0,17460,2673,2454.9787646806026,2562.9037194727816,2597.574329477142,2393.7483437581973,0.24476981105158513,3.9649351541596055E8,5.2873004359916234E8
5,0,0,17640,2673,2458.4764522097726,2565.137277506526,2599.2546220726713,2397.4641640379155,0.24476981105158518,3.9876201642480874E8,5.2873004359916234E8
5,0,0,17820,2673,2461.9447056508116,2567.3347430870776,2600.9033890356463,2401.1677170191965,0.24476981105158527,4.009938420373785E8,5.2873004359916234E8
5,0,0,18000,2673,2465.382954146938,2569.4964279883225,2602.52103627629,2404.8579417937735,0.24476981105158502,4.03189309548415E8,5.2873004359916234E8
5,100,100,0,2757.750236575906,2157.750227807339,2173.0041451725892,2174.90140636146,2172.9999999999995,0.2447698110515844,12689.521132690683,5.2873004359916234E8
5,100,100,180,2771.92127053042,2171.9212705304194,2178.9188815514917,2251.6478638295944,2173.0000151198583,0.24476981105158493,6357450.0443225885,5.2873004359916234E8
5,100,100,360,2772.329413208863,2172.329413208864,2185.1052131580486,2269.3674983661135,2173.0021394579994,0.2447698110515852,1.2702210567512434E7,5.2873004359916234E8
5,100,100,540,2772.815404183321,2173.1104818793065,2191.3195473963333,2280.7483036789463,2173.016408102139,0.24476981105158527,1.904385630289521E7,5.2873004359916234E8
5,100,100,720,2772.999006368967,2174.5143580563686,2197.5415900980083,2289.109457522672,2173.05633491628,0.24476981105158518,2.537261659587023E7,5.2873004359916234E8
5,100,100,900,2773.0022486820376,2175.3410961100594,2203.75925795671,2296.462251073272,2173.1296108025986,0.24476981105158543,3.1692660424152482E7,5.2873004359916234E8
5,100,100,1080,2773.0000006065757,2176.23358413054,2209.9697663573534,2303.217684232526,2173.2430269293304,0.2447698110515852,3.8003227061997734E7,5.2873004359916234E8
5,100,100,1260,2773.0000147996193,2177.193006178376,2216.1726246221087,2309.6685888796105,2173.394351889988,0.24476981105158588,4.430498932929897E7,5.2873004359916234E8
5,100,100,1440,2773.0001115370114,2178.2034202608634,2222.3680240369586,2315.9396109641025,2173.5805113404335,0.24476981105158532,5.059873495041632E7,5.2873004359916234E8
5,100,100,1620,2773.0000017170896,2179.274507443997,2228.5537824119483,2322.080641267178,2173.809347429463,0.24476981105158502,5.688225750723029E7,5.2873004359916234E8
5,100,100,1800,2772.999987413594,2180.4165767361637,2234.7283098379835,2328.132606079608,2174.0856959228045,0.24476981105158493,6.3154320562250294E7,5.2873004359916234E8
5,100,100,1980,2773.000002745061,2181.6360685375776,2240.8905042871734,2334.1279218353493,2174.4119935427116,0.24476981105158535,6.941396678618737E7,5.2873004359916234E8
5,100,100,2160,2773.0000019084587,2182.938182856942,2247.0394216356153,2340.083431184428,2174.790030113184,0.24476981105158513,7.566029451083605E7,5.2873004359916234E8
5,100,100,2340,2772.999999396152,2184.327054492512,2253.1741530874456,2346.005834442316,2175.221548009195,0.24476981105158527,8.18923915690781E7,5.2873004359916234E8
5,100,100,2520,2772.999999808326,2185.8055294473515,2259.2937821423934,2351.8975068237055,2175.70841004532,0.24476981105158496,8.810932225372459E7,5.2873004359916234E8
5,100,100,2700,2773.0000001257995,2187.3753585721297,2265.3973774083797,2357.7590730388843,2176.2525999315667,0.2447698110515854,9.431013063422723E7,5.2873004359916234E8
5,100,100,2880,2773.0000000139426,2189.0375780843174,2271.483996174421,2363.590187875456,2176.8561651012037,0.2447698110515845,1.0049384672599006E8,5.2873004359916234E8
5,100,100,3060,2772.99999997891,2190.7927931018385,2277.552689217683,2369.3897332577117,2177.5211533246425,0.24476981105158496,1.0665949160062008E8,5.2873004359916234E8
5,100,100,3240,2773.000000000828,2192.641295183264,2283.6025053056665,2375.1558154314334,2178.249563413226,0.24476981105158513,1.128060812973871E8,5.2873004359916234E8
5,100,100,3420,2773.000000003066,2194.5831378221883,2289.632511302811,2380.8867403641116,2179.0432719924333,0.2447698110515856,1.1893262743784307E8,5.2873004359916234E8
5,100,100,3600,2772.9999999982456,2196.6182444220613,2295.641892418157,2386.5818719902118,2179.903823767878,0.2447698110515852,1.2503812882185918E8,5.2873004359916234E8
5,100,100,3780,2772.9999999972742,2198.746440105972,2301.629614592661,2392.2407228245133,2180.8331025083908,0.24476981105158496,1.3112161406705938E8,5.2873004359916234E8
5,100,100,3960,2773.0000000000305,2200.9674022110535,2307.5946527523715,2397.8631450047674,2181.8328528975626,0.2447698110515851,1.3718210326099735E8,5.2873004359916234E8
5,100,100,4140,2773.0000000013024,2203.280684820912,2313.5360231988084,2403.4485153617134,2182.904621171003,0.24476981105158518,1.432186191228397E8,5.2873004359916234E8
5,100,100,4320,2773.0000000002187,2205.6857245932306,2319.452772845351,2408.9955428472163,2184.049786617962,0.24476981105158502,1.4923018906410027E8,5.2873004359916234E8
5,100,100,4500,2772.999999999355,2208.181823188944,2325.3439655884645,2414.50222860522,2185.269595403444,0.24476981105158488,1.5521584697888073E8,5.2873004359916234E8
5,100,100,4680,2772.999999999743,2210.768099027337,2331.2086717747466,2419.96699139893,2186.5651756757916,0.24476981105158527,1.611746351388657E8,5.2873004359916234E8
5,100,100,4860,2773.0000000002765,2213.443481212624,2337.0459655763775,2425.389268776323,2187.937540003385,0.24476981105158496,1.671056061589992E8,5.2873004359916234E8
5,100,100,5040,2773.000000000191,2216.2070071245225,2342.8549256976203,2430.7694890472662,2189.3875838725507,0.24476981105158474,1.7300782285194305E8,5.2873004359916234E8
5,100,100,5220,2772.9999999998968,2219.0577357329003,2348.6346405649215,2436.108031192432,2190.916085498041,0.2447698110515845,1.7888035806327513E8,5.2873004359916234E8
5,100,100,5400,2772.9999999998786,2221.994465651606,2354.3842147299165,2441.404251499131,2192.523707166709,0.24476981105158482,1.8472229648633707E8,5.2873004359916234E8
5,100,100,5580,2773.0000000000273,2225.015617170857,2360.102772123809,2446.656220809548,2194.2109971682476,0.24476981105158532,1.9053273792511362E8,5.2873004359916234E8
5,100,100,5760,2773.0000000000687,2228.11951601155,2365.7894535623223,2451.86184672526,2195.978391045932,0.2447698110515848,1.9631079899690515E8,5.2873004359916234E8
5,100,100,5940,2773.0000000000005,2231.3048615758285,2371.4434079446223,2457.0205639002384,2197.8262103122865,0.24476981105158455,2.0205561102692983E8,5.2873004359916234E8
5,100,100,6120,2772.9999999999645,2234.5704794723183,2377.0637923041563,2462.1330453305477,2199.75465959342,0.2447698110515856,2.0776631853231287E8,5.2873004359916234E8
5,100,100,6300,2772.9999999999927,2237.9145905385,2382.6497811935437,2467.1997882547853,2201.763828833765,0.2447698110515858,2.1344208306206924E8,5.2873004359916234E8
5,100,100,6480,2773.0000000000173,2241.3350925695618,2388.200572185,2472.2202886902874,2203.8537017985122,0.24476981105158482,2.19082086655958E8,5.2873004359916234E8
5,100,100,6660,2773.000000000008,2244.8302175611097,2393.7153873852103,2477.1926334228156,2206.0241640756567,0.24476981105158455,2.2468553056660664E8,5.2873004359916234E8
5,100,100,6840,2772.9999999999936,2248.3983147201566,2399.193443624963,2482.1155285897003,2208.2749961004847,0.24476981105158518,2.3025163589282033E8,5.2873004359916234E8
5,100,100,7020,2772.9999999999995,2252.0372258687457,2404.633860322191,2486.9891933828335,2210.6058281620826,0.24476981105158496,2.357796547165473E8,5.2873004359916234E8
5,100,100,7200,2773.0000000000005,2255.7450317458784,2410.0360326766267,2491.8145021743426,2213.016249195306,0.2447698110515851,2.412688360736619E8,5.2873004359916234E8
5,100,100,7380,2773,2259.519935968166,2415.3993759360474,2496.5908174653314,2215.5057943286843,0.24476981105158552,2.467184489343517E8,5.2873004359916234E8
5,100,100,7560,2773,2263.3595168312377,2420.723046397334,2501.316275107323,2218.0737261464146,0.24476981105158552,2.5212781771991375E8,5.2873004359916234E8
5,100,100,7740,2773,2267.2621644385567,2426.0064492546744,2505.9903742050583,2220.7193994257564,0.24476981105158493,2.5749625645982236E8,5.2873004359916234E8
5,100,100,7920,2773,2271.2259802271474,2431.2490305162655,2510.614402115362,2223.442142165306,0.24476981105158463,2.6282309833902293E8,5.2873004359916234E8
5,100,100,8100,2773,2275.248140399399,2436.4500076225377,2515.188781891009,2226.24090956447,0.24476981105158527,2.6810773172538966E8,5.2873004359916234E8
5,100,100,8280,2773,2279.3265449475607,2441.608841119559,2519.7120897067066,2229.114798466842,0.24476981105158513,2.7334954292115927E8,5.2873004359916234E8
5,100,100,8460,2773,2283.459024041127,2446.724992451455,2524.1831879830625,2232.062811523831,0.24476981105158513,2.7854794580124825E8,5.2873004359916234E8
5,100,100,8640,2773,2287.6437176610802,2451.7979817617193,2528.6020262079223,2235.083977276596,0.2447698110515848,2.837023699656597E8,5.2873004359916234E8
5,100,100,8820,2773,2291.8781653673755,2456.8271310754144,2532.969149205905,2238.176843137562,0.24476981105158482,2.888122933404927E8,5.2873004359916234E8
5,100,100,9000,2773,2296.160133041372,2461.811976722295,2537.2849519003366,2241.340246876886,0.24476981105158518,2.9387719552284795E8,5.2873004359916234E8
5,100,100,9180,2773,2300.4872071294662,2466.752055322762,2541.5488307940723,2244.5729096238833,0.24476981105158532,2.988965859151629E8,5.2873004359916234E8
5,100,100,9360,2773,2304.857118783493,2471.6469247278696,2545.7604861119303,2247.8735008277445,0.2447698110515855,3.038699979008585E8,5.2873004359916234E8
5,100,100,9540,2773,2309.2679688406483,2476.4962019570557,2549.9197178804034,2251.2407520005495,0.2447698110515847,3.087969818342796E8,5.2873004359916234E8
5,100,100,9720,2773,2313.7170275737394,2481.2993398642016,2554.0264017599657,2254.6727470390088,0.24476981105158532,3.136771332277936E8,5.2873004359916234E8
5,100,100,9900,2773,2318.2085334058133,2486.046826555319,2558.070354699279,2258.1801759719997,0.24476981105158496,3.185006874379789E8,5.2873004359916234E8
5,100,100,10080,2773,2322.7425383600985,2490.7331128551305,2562.046493536873,2261.7670523609936,0.24476981105158513,3.232619802030307E8,5.2873004359916234E8
5,100,100,10260,2773,2327.3060486880768,2495.3719186163626,2565.9706973180755,2265.4124788714125,0.24476981105158496,3.279750157127414E8,5.2873004359916234E8
5,100,100,10440,2773,2331.8967329247976,2499.962982130445,2569.842586468951,2269.1147011229436,0.24476981105158488,3.326395066078492E8,5.2873004359916234E8
5,100,100,10620,2773,2336.5122864859172,2504.506045068919,2573.6620675629047,2272.871959337631,0.24476981105158482,3.372551898949713E8,5.2873004359916234E8
5,100,100,10800,2773,2341.1504887383217,2509.0008705521122,2577.429384054037,2276.6824620292873,0.2447698110515854,3.418218260499883E8,5.2873004359916234E8
5,100,100,10980,2773,2345.809189634141,2513.447244195417,2581.1447793549314,2280.544389141616,0.24476981105158552,3.463391983053623E8,5.2873004359916234E8
5,100,100,11160,2773,2350.484166437044,2517.851272484597,2584.8150977444297,2284.449751429437,0.24476981105158455,3.5081360830132616E8,5.2873004359916234E8
5,100,100,11340,2773,2355.1723599805,2522.218013322332,2588.445912914314,2288.3923106259113,0.24476981105158493,3.5525064781620604E8,5.2873004359916234E8
5,100,100,11520,2773,2359.874647603421,2526.540734277172,2592.0303211293713,2292.3773648598944,0.24476981105158535,3.596420885530063E8,5.2873004359916234E8
5,100,100,11700,2773,2364.59054353486,2530.8158145158063,2595.564749396204,2296.406841637907,0.2447698110515847,3.639850777561367E8,5.2873004359916234E8
5,100,100,11880,2773,2369.318652449931,2535.0423516712326,2599.0485082994182,2300.479999689359,0.24476981105158482,3.6827856312034345E8,5.2873004359916234E8
5,100,100,12060,2773,2374.056960673051,2539.219706610922,2602.481270656971,2304.595356197533,0.24476981105158527,3.725221605881278E8,5.2873004359916234E8
5,100,100,12240,2773,2378.8033431306567,2543.3476521144535,2605.8631445051656,2308.7510015405674,0.24476981105158532,3.767156712020727E8,5.2873004359916234E8
5,100,100,12420,2773,2383.555732555554,2547.426130557913,2609.1944037177764,2312.9449248895667,0.24476981105158527,3.808589846391049E8,5.2873004359916234E8
5,100,100,12600,2773,2388.3120381308236,2551.455126890102,2612.4753555386706,2317.175131042912,0.24476981105158518,3.8495203577115387E8,5.2873004359916234E8
5,100,100,12780,2773,2393.070286681004,2555.434631193246,2615.706305751159,2321.4396540706043,0.24476981105158496,3.889947889210616E8,5.2873004359916234E8
5,100,100,12960,2773,2397.8287587263026,2559.3646380677114,2618.887533899665,2325.736544206836,0.24476981105158502,3.929872304943384E8,5.2873004359916234E8
5,100,100,13140,2773,2402.5858186936844,2563.245153629376,2622.0193320972894,2330.0638584160097,0.24476981105158502,3.9692936586073154E8,5.2873004359916234E8
5,100,100,13320,2773,2407.339598291496,2567.0762011533534,2625.1020443058114,2334.4196587234214,0.2447698110515851,4.008212199460308E8,5.2873004359916234E8
5,100,100,13500,2773,2412.0880811029574,2570.8578235994955,2628.1360229434113,2338.802011926512,0.24476981105158518,4.046628384201789E8,5.2873004359916234E8
5,100,100,13680,2773,2416.8293509464843,2574.5900842381093,2631.121578582765,2343.2089905169455,0.24476981105158527,4.08454287350033E8,5.2873004359916234E8
5,100,100,13860,2773,2421.5618361755205,2578.2730649257473,2634.059000915884,2347.638674416781,0.24476981105158527,4.12195650643177E8,5.2873004359916234E8
5,100,100,14040,2773,2426.2840133948416,2581.906864950465,2636.9486563727305,2352.0891536734644,0.24476981105158527,4.158870289181334E8,5.2873004359916234E8
5,100,100,14220,2773,2430.9940687806125,2585.4916011780238,2639.790965487498,2356.5585306346193,0.24476981105158463,4.19528541199212E8,5.2873004359916234E8
5,100,100,14400,2773,2435.6904451676,2589.027406069806,2642.586312319693,2361.0449195516226,0.24476981105158474,4.23120323571391E8,5.2873004359916234E8
5,100,100,14580,2773,2440.3719273535708,2592.5144267703713,2645.335050970073,2365.5464438416875,0.24476981105158566,4.2666252634784377E8,5.2873004359916234E8
5,100,100,14760,2773,2445.037161198674,2595.952825420995,2648.0376139893388,2370.061240989397,0.24476981105158543,4.3015531418135315E8,5.2873004359916234E8
5,100,100,14940,2773,2449.684300595005,2599.3427809873606,2650.6944980416956,2374.587475581936,0.24476981105158527,4.335988695775553E8,5.2873004359916234E8
5,100,100,15120,2773,2454.311634458776,2602.6844887903267,2653.3061734916414,2379.1233500953963,0.24476981105158482,4.369933929971643E8,5.2873004359916234E8
5,100,100,15300,2773,2458.918308899057,2605.978156621742,2655.8730392252655,2383.667100526664,0.24476981105158482,4.4033909679984546E8,5.2873004359916234E8
5,100,100,15480,2773,2463.503555002665,2609.224004077122,2658.395379281017,2388.2169785671927,0.24476981105158482,4.4363620279417104E8,5.2873004359916234E8
5,100,100,15660,2773,2468.065578901868,2612.42226594927,2660.873514971768,2392.771241408115,0.24476981105158552,4.4688494873831326E8,5.2873004359916234E8
5,100,100,15840,2773,2472.601937371007,2615.5732030205277,2663.307931131147,2397.3281129806146,0.24476981105158532,4.500855942834387E8,5.2873004359916234E8
5,100,100,16020,2773,2477.1108716465883,2618.677132517389,2665.6993347572475,2401.8855986366543,0.24476981105158502,4.532384153136515E8,5.2873004359916234E8
5,100,100,16200,2773,2481.5934264703637,2621.734296544885,2668.048204353049,2406.442286701053,0.2447698110515855,4.563436943088369E8,5.2873004359916234E8
5,100,100,16380,2773,2486.049565021741,2624.7449532435508,2670.3550000467562,2410.9966619465595,0.24476981105158532,4.5940171209662294E8,5.2873004359916234E8
5,100,100,16560,2773,2490.477417311793,2627.7093540998117,2672.620067588151,2415.5473440659266,0.24476981105158474,4.6241276519652104E8,5.2873004359916234E8
5,100,100,16740,2773,2494.873568758288,2630.6278774286025,2674.8438599298374,2420.092402261743,0.2447698110515852,4.653771672719563E8,5.2873004359916234E8
5,100,100,16920,2773,2499.2375523219557,2633.5007916776804,2677.0268206107376,2424.630620596235,0.2447698110515851,4.6829525924351233E8,5.2873004359916234E8
5,100,100,17100,2773,2503.569805803911,2636.3284983000376,2679.169475798608,2429.1601666049087,0.24476981105158527,4.7116736708485055E8,5.2873004359916234E8
5,100,100,17280,2773,2507.8696814643645,2639.1112983939347,2681.2721959962923,2433.679712829602,0.24476981105158513,4.7399383531235373E8,5.2873004359916234E8
5,100,100,17460,2773,2512.1355866651697,2641.8494804266816,2683.335407308433,2438.188056635088,0.24476981105158493,4.7677502276326144E8,5.2873004359916234E8
5,100,100,17640,2773,2516.3665431074364,2644.5434335926434,2685.359878287251,2442.6836275724463,0.2447698110515847,4.795112881175414E8,5.2873004359916234E8
5,100,100,17820,2773,2520.5631132540493,2647.193620528762,2687.3465388679747,2447.1646354927625,0.24476981105158502,4.822029885421801E8,5.2873004359916234E8
5,100,100,18000,2773,2524.7163264663,2649.791913653205,2689.288049702057,2451.6267553479033,0.24476981105158527,4.848419322737799E8,5.2873004359916234E8
5,200,200,0,2862.357933582184,2108.6577515158956,2173.7409807721265,2166.313804255206,2045.9463094138023,0.24476981105158355,14861.227019688142,5.2873004359916234E8
5,200,200,180,2873,2180.7508055241415,2180.194617542424,2267.2330206426705,2152.7797833348764,0.2447698110515852,6992572.549088169,5.2873004359916234E8
5,200,200,360,2873,2175.7364023523537,2187.3674605659935,2287.8781919613116,2184.4922427400984,0.2447698110515848,1.4337304359123638E7,5.2873004359916234E8
5,200,200,540,2873,2175.774741587883,2194.608546040802,2299.284645192304,2190.7566280697793,0.24476981105158527,2.1710127491941135E7,5.2873004359916234E8
5,200,200,720,2873,2176.25554622112,2201.853158034998,2308.7771405821727,2191.8846298412923,0.24476981105158527,2.907792200042085E7,5.2873004359916234E8
5,200,200,900,2873,2177.006637564517,2209.0942944899007,2317.201424811233,2191.344759717436,0.24476981105158532,3.643777401772539E7,5.2873004359916234E8
5,200,200,1080,2873,2177.9223530733334,2216.3283479057454,2325.0249218951117,2190.286671439605,0.24476981105158527,4.378794270901238E7,5.2873004359916234E8
5,200,200,1260,2873,2178.9543102623893,2223.5529842722785,2332.4980940750547,2189.131114682334,0.2447698110515851,5.112719886490777E7,5.2873004359916234E8
5,200,200,1440,2873,2180.0621907110626,2230.76957650608,2339.789870602682,2188.007255976004,0.24476981105158502,5.845790719483588E7,5.2873004359916234E8
5,200,200,1620,2873,2181.2518074182403,2237.9758572253654,2346.941730600442,2186.9910176532717,0.24476981105158527,6.577811813246343E7,5.2873004359916234E8
5,200,200,1800,2873,2182.5287902762016,2245.1698979713733,2353.9994670482683,2186.132244078201,0.2447698110515851,7.308585521197352E7,5.2873004359916234E8
5,200,200,1980,2873,2183.899869623798,2252.3502162557133,2360.992173959287,2185.445802921139,0.24476981105158518,8.037980903919989E7,5.2873004359916234E8
5,200,200,2160,2873,2185.3706243860083,2259.515589540788,2367.939028526813,2184.9311294725676,0.24476981105158527,8.765877946766998E7,5.2873004359916234E8
5,200,200,2340,2873,2186.945480551393,2266.6649036514173,2374.848375319063,2184.579720783196,0.2447698110515851,9.492164997802076E7,5.2873004359916234E8
5,200,200,2520,2873,2188.6275630868017,2273.797057659934,2381.7225370599976,2184.3817105576245,0.2447698110515852,1.02167296330612E8,5.2873004359916234E8
5,200,200,2700,2873,2190.418813361714,2280.910940283679,2388.5613463973737,2184.3283435371236,0.24476981105158482,1.0939457462070534E8,5.2873004359916234E8
5,200,200,2880,2873,2192.3203390563544,2288.005428017115,2395.36375912231,2184.4124449709448,0.24476981105158496,1.1660232583148503E8,5.2873004359916234E8
5,200,200,3060,2873,2194.332692738589,2295.079388486731,2402.1284918951706,2184.628234249438,0.2447698110515852,1.2378938199081655E8,5.2873004359916234E8
5,200,200,3240,2873,2196.456035007888,2302.1316837431064,2408.8543992283076,2184.971039897579,0.24476981105158527,1.309545711008233E8,5.2873004359916234E8
5,200,200,3420,2873,2198.690273189174,2309.161173809938,2415.540430829773,2185.437066418571,0.2447698110515851,1.3809672052044922E8,5.2873004359916234E8
5,200,200,3600,2873,2201.03518081112,2316.166720033653,2422.18536536559,2186.0232219234554,0.24476981105158474,1.4521465903157696E8,5.2873004359916234E8
5,200,200,3780,2873,2203.4904267566653,2323.147186018012,2428.7879438689197,2186.7269844546845,0.24476981105158502,1.5230721831725648E8,5.2873004359916234E8
5,200,200,3960,2873,2206.0555055310433,2330.101438642056,2435.3470179263036,2187.546289985079,0.24476981105158543,1.5937323460509217E8,5.2873004359916234E8
5,200,200,4140,2873,2208.729747061577,2337.0283497650303,2441.8615522521086,2188.479437171035,0.24476981105158527,1.6641155032441875E8,5.2873004359916234E8
5,200,200,4320,2873,2211.512421146099,2343.9268786510506,2448.3307408759733,2189.525104979771,0.24476981105158474,1.7342088995191061E8,5.2873004359916234E8
5,200,200,4500,2873,2214.4026968214357,2350.7960113924896,2454.7538026776087,2190.6821943898753,0.2447698110515848,1.8040004039236736E8,5.2873004359916234E8
5,200,200,4680,2873,2217.3994798292697,2357.6345415292017,2461.1296989535676,2191.9495169955103,0.24476981105158543,1.873480793836815E8,5.2873004359916234E8
5,200,200,4860,2873,2220.5015700189874,2364.441310996034,2467.4572782736304,2193.326100103081,0.24476981105158543,1.9426383784508967E8,5.2873004359916234E8
5,200,200,5040,2873,2223.7077112133047,2371.2152154562805,2473.735491257969,2194.8111477086118,0.24476981105158493,2.011462510858928E8,5.2873004359916234E8
5,200,200,5220,2873,2227.016564328321,2377.955183572868,2479.963488172822,2196.403962530188,0.24476981105158474,2.0799421637988648E8,5.2873004359916234E8
5,200,200,5400,2873,2230.426569688905,2384.6601638839456,2486.1405439201394,2198.1038867804828,0.24476981105158518,2.148066650732333E8,5.2873004359916234E8
5,200,200,5580,2873,2233.9359527702213,2391.3291213142684,2492.265927428283,2199.9102688567486,0.24476981105158543,2.2158253591690102E8,5.2873004359916234E8
5,200,200,5760,2873,2237.542980143137,2397.9610370461546,2498.3388193935507,2201.822446613829,0.24476981105158496,2.2832078914060023E8,5.2873004359916234E8
5,200,200,5940,2873,2241.2459873269836,2404.5549087523564,2504.358435516258,2203.839738300335,0.24476981105158488,2.3502040053596753E8,5.2873004359916234E8
5,200,200,6120,2873,2245.0432108580226,2411.1097516004816,2510.3240332137984,2205.9614355949075,0.24476981105158527,2.416803651087275E8,5.2873004359916234E8
5,200,200,6300,2873,2248.932592900102,2417.6246001917248,2516.234996453621,2208.1867962027095,0.24476981105158502,2.4829969838563803E8,5.2873004359916234E8
5,200,200,6480,2873,2252.9119191977265,2424.0985098984725,2522.09090427865,2210.515034551991,0.24476981105158474,2.5487743846815586E8,5.2873004359916234E8
5,200,200,6660,2873,2256.9790941971837,2430.5305582926385,2527.891279146811,2212.945311723351,0.24476981105158482,2.6141264528966844E8,5.2873004359916234E8
5,200,200,6840,2873,2261.1319785762657,2436.919846958902,2533.635263653976,2215.4767274152505,0.24476981105158527,2.679044013964814E8,5.2873004359916234E8
5,200,200,7020,2873,2265.3681899958506,2443.265501171068,2539.3219534912087,2218.1083162256905,0.2447698110515848,2.7435181385511607E8,5.2873004359916234E8
5,200,200,7200,2873,2269.6854812498254,2449.5666677032714,2544.950809999998,2220.839048316572,0.2447698110515845,2.807540132653242E8,5.2873004359916234E8
5,200,200,7380,2873,2274.081688265767,2455.8225143537,2550.521770780795,2223.6678330975105,0.2447698110515852,2.871101534382592E8,5.2873004359916234E8
5,200,200,7560,2873,2278.554314882799,2462.032234432236,2556.0347771071347,2226.5935221967284,0.24476981105158557,2.9341941400845015E8,5.2873004359916234E8
5,200,200,7740,2873,2283.1006991635722,2468.195048651184,2561.489484553539,2229.614902390836,0.2447698110515855,2.9968100177184254E8,5.2873004359916234E8
5,200,200,7920,2873,2287.7182711727733,2474.310205489411,2566.8850751357018,2232.730681761146,0.24476981105158535,3.0589415042989266E8,5.2873004359916234E8
5,200,200,8100,2873,2292.4042236354444,2480.3769177034073,2572.220825843847,2235.9393639904865,0.24476981105158482,3.1205818620407945E8,5.2873004359916234E8
5,200,200,8280,2873,2297.1560387688387,2486.394427341561,2577.4966106828692,2239.2393811207166,0.24476981105158493,3.181724585577902E8,5.2873004359916234E8
5,200,200,8460,2873,2301.9720750307933,2492.3622029702506,2582.7126371127765,2242.629517454113,0.24476981105158532,3.2423609846313715E8,5.2873004359916234E8
5,200,200,8640,2873,2306.8494744609975,2498.279675112685,2587.8689041453295,2246.108414136324,0.24476981105158557,3.30248381082654E8,5.2873004359916234E8
5,200,200,8820,2873,2311.7848584838457,2504.1461731269765,2592.9648019105243,2249.674362236056,0.24476981105158552,3.3620880996360075E8,5.2873004359916234E8
5,200,200,9000,2873,2316.775455195845,2509.9610162532363,2597.9994673416354,2253.325444211423,0.24476981105158496,3.4211679683022755E8,5.2873004359916234E8
5,200,200,9180,2873,2321.819020071866,2515.7236140006034,2602.9725909020085,2257.059834170939,0.24476981105158482,3.479717737961163E8,5.2873004359916234E8
5,200,200,9360,2873,2326.9133101101256,2521.433508704171,2607.885115578383,2260.8759491270653,0.24476981105158474,3.5377311118096316E8,5.2873004359916234E8
5,200,200,9540,2873,2332.055465358735,2527.0901511801,2612.7378543150567,2264.7718514576645,0.24476981105158496,3.595203791713349E8,5.2873004359916234E8
5,200,200,9720,2873,2337.2425039594355,2532.6931074312324,2617.5299003078862,2268.745796669499,0.24476981105158527,3.652130050303343E8,5.2873004359916234E8
5,200,200,9900,2873,2342.4710662147872,2538.2418581436486,2622.2600486824554,2272.7955497511966,0.24476981105158532,3.7085066763227355E8,5.2873004359916234E8
5,200,200,10080,2873,2347.7394522581503,2543.73604912632,2626.928483619159,2276.9193947890153,0.24476981105158496,3.7643280736989415E8,5.2873004359916234E8
5,200,200,10260,2873,2353.045623660339,2549.1752829040292,2631.5360785565554,2281.1153367773322,0.24476981105158482,3.819589971960286E8,5.2873004359916234E8
5,200,200,10440,2873,2358.3861859348017,2554.5591119025153,2636.083292189424,2285.380972802189,0.24476981105158502,3.8742897734824127E8,5.2873004359916234E8
5,200,200,10620,2873,2363.7683346098847,2559.86651632758,2640.5470785778884,2289.7383822952424,0.2447698110515852,3.9281938707053566E8,5.2873004359916234E8
5,200,200,10800,2873,2369.179891146216,2565.11317302295,2644.9451242511755,2294.1649354018004,0.24476981105158535,3.981470836329426E8,5.2873004359916234E8
5,200,200,10980,2873,2374.616103110794,2570.302852290031,2649.282171808136,2298.6534971424676,0.24476981105158543,4.034172944235716E8,5.2873004359916234E8
5,200,200,11160,2873,2380.0741074072816,2575.4357581025406,2653.5587795600663,2303.201287980386,0.24476981105158496,4.0862978899720395E8,5.2873004359916234E8
5,200,200,11340,2873,2385.5513622477492,2580.511706055334,2657.775042590593,2307.806036358303,0.24476981105158496,4.137843637870243E8,5.2873004359916234E8
5,200,200,11520,2873,2391.0454003896875,2585.5305204491297,2661.9311745317873,2312.4654743604597,0.2447698110515851,4.1888084131632173E8,5.2873004359916234E8
5,200,200,11700,2873,2396.5537862381743,2590.4920499077807,2666.027465218012,2317.1773209520866,0.2447698110515851,4.2391906986381793E8,5.2873004359916234E8
5,200,200,11880,2873,2402.0740995563283,2595.3961682065296,2670.064216765894,2321.9392839090715,0.24476981105158513,4.2889892330129164E8,5.2873004359916234E8
5,200,200,12060,2873,2407.6039976758166,2600.2427736570216,2674.0417201851496,2326.7490624260763,0.24476981105158518,4.338203002732876E8,5.2873004359916234E8
5,200,200,12240,2873,2413.141198258477,2605.03178842047,2677.9602637561693,2331.604350763935,0.24476981105158474,4.386831235591703E8,5.2873004359916234E8
5,200,200,12420,2873,2418.683432168469,2609.763158251853,2681.8201504856547,2336.5028417018434,0.24476981105158482,4.4348733993352073E8,5.2873004359916234E8
5,200,200,12600,2873,2424.228452738379,2614.4368522658733,2685.621702554242,2341.4422284642483,0.24476981105158527,4.4823291992851466E8,5.2873004359916234E8
5,200,200,12780,2873,2429.774063500767,2619.0528624689673,2689.3652580651096,2346.4202061854457,0.2447698110515852,4.529198573031039E8,5.2873004359916234E8
5,200,200,12960,2873,2435.318113608416,2623.6112032521905,2693.0511715951116,2351.434474689259,0.24476981105158518,4.57548168560593E8,5.2873004359916234E8
5,200,200,13140,2873,2440.858495607369,2628.111910885975,2696.679815721435,2356.4827416168764,0.24476981105158518,4.621178924897622E8,5.2873004359916234E8
5,200,200,13320,2873,2446.3931594899545,2632.5550429795258,2700.2515768679655,2361.562724230259,0.24476981105158488,4.666290895574115E8,5.2873004359916234E8
5,200,200,13500,2873,2451.9200947107,2636.9406781451376,2703.7668528503286,2366.6721510952502,0.24476981105158474,4.7108184149105865E8,5.2873004359916234E8
5,200,200,13680,2873,2457.437328626315,2641.26891551733,2707.2260570053027,2371.8087646154986,0.2447698110515847,4.754762508781321E8,5.2873004359916234E8
5,200,200,13860,2873,2462.942923860215,2645.539874351439,2710.6296165552967,2376.970323247337,0.24476981105158488,4.7981244079304403E8,5.2873004359916234E8
5,200,200,14040,2873,2468.4350139458443,2649.7536933547185,2713.977969376554,2382.15460317011,0.24476981105158496,4.840905540473447E8,5.2873004359916234E8
5,200,200,14220,2873,2473.911802415479,2653.9105300195915,2717.271564138611,2387.359399980885,0.24476981105158518,4.8831075244951606E8,5.2873004359916234E8
5,200,200,14400,2873,2479.3715065950655,2658.0105603963216,2720.5108607769125,2392.582531115609,0.24476981105158518,4.9247321665911543E8,5.2873004359916234E8
5,200,200,14580,2873,2484.812387305389,2662.053978604054,2723.696328338727,2397.821837593881,0.24476981105158482,4.9657814572681236E8,5.2873004359916234E8
5,200,200,14760,2873,2490.232774190041,2666.0409961791192,2726.828447634815,2403.0751848382,0.24476981105158488,5.00625756366626E8,5.2873004359916234E8
5,200,200,14940,2873,2495.631045939595,2669.9718416042424,2729.9077087684364,2408.34046441818,0.2447698110515851,5.046162824372928E8,5.2873004359916234E8
5,200,200,15120,2873,2501.0056282037094,2673.8467597744902,2732.9346085623147,2413.61559638688,0.2447698110515851,5.085499744456633E8,5.2873004359916234E8
5,200,200,15300,2873,2506.354988303592,2677.6660115228474,2735.909651762633,2418.898530448044,0.24476981105158474,5.124270991060589E8,5.2873004359916234E8
5,200,200,15480,2873,2511.6776497456244,2681.4298730713645,2738.8333516903504,2424.1872461043363,0.24476981105158513,5.162479387461254E8,5.2873004359916234E8
5,200,200,15660,2873,2516.9721857017257,2685.138635577355,2741.706229947793,2429.4797537267327,0.24476981105158543,5.2001279078165406E8,5.2873004359916234E8
5,200,200,15840,2873,2522.2372203169516,2688.7926045404956,2744.5288152261637,2434.774097104708,0.2447698110515851,5.2372196717754865E8,5.2873004359916234E8
5,200,200,16020,2873,2527.4800566919507,2692.406592304583,2747.314809955471,2440.0689212171783,0.24476981105158482,5.273916442788458E8,5.2873004359916234E8
5,200,200,16200,2566.3603868874625,2536.98774253282,2693.7462475714874,2716.2189144620506,2445.362673553449,0.24476981105158463,5.289079725976759E8,5.2873004359916234E8
5,200,200,16380,2538.414823392272,2538.3862469546784,2693.8078533953762,2702.3181350796713,2450.6528509078344,0.24476981105158488,5.289075909313234E8,5.2873004359916234E8
5,200,200,16560,2543.1590744205764,2543.1616175941863,2693.8306589492668,2697.42944864636,2455.9353025357927,0.2447698110515851,5.289076237190729E8,5.2873004359916234E8
5,200,200,16740,2547.848820697633,2547.851610415786,2693.839823048146,2695.497559583085,2461.1999237706546,0.24476981105158502,5.289075914969241E8,5.2873004359916234E8
5,200,200,16920,2552.4731428546843,2552.4734180109485,2693.844300190186,2694.5795928201906,2466.4402051303246,0.24476981105158482,5.289075851479719E8,5.2873004359916234E8
5,200,200,17100,2556.9923611906706,2556.9919292716622,2693.8465301426354,2694.1397513560014,2471.650872897656,0.24476981105158496,5.2890758774079245E8,5.2873004359916234E8
5,200,200,17280,2561.4479257855705,2561.447697986713,2693.8475991417326,2693.9459914808604,2476.8273810623486,0.24476981105158502,5.289075901863559E8,5.2873004359916234E8
5,200,200,17460,2565.844480571941,2565.8444758361998,2693.848098233871,2693.8708252291904,2481.9660200927456,0.2447698110515852,5.2890759071419233E8,5.2873004359916234E8
5,200,200,17640,2570.1728405760787,2570.1728842415537,2693.848336694168,2693.8467944123604,2487.0640078218976,0.2447698110515852,5.2890759044980687E8,5.2873004359916234E8
5,200,200,17820,2574.427735610028,2574.4277540233666,2693.848462532959,2693.841824067313,2492.1191149557467,0.24476981105158518,5.2890759024119896E8,5.2873004359916234E8
5,200,200,18000,2578.6066866744945,2578.606685306734,2693.8485397016216,2693.842441026709,2497.129362803125,0.2447698110515851,5.289075902111749E8,5.2873004359916234E8
5,300,300,0,2952.796828038767,2152.796829297253,2173.0053555617105,2175.4979485509134,2173.0000000000005,0.24476981105158446,16919.361395757842,5.2873004359916234E8
5,300,300,180,2971.55520396951,2171.5552039695103,2180.893140404842,2277.5072823831038,2173.0000213307017,0.24476981105158543,8476600.058982313,5.2873004359916234E8
5,300,300,360,2972.1099600450193,2172.1099600450198,2189.14179923606,2301.0855763991017,2173.0030043036195,0.24476981105158532,1.693628075656898E7,5.2873004359916234E8
5,300,300,540,2972.778621150474,2173.1715800180214,2197.4285405251435,2316.0450751476824,2173.0237167807263,0.24476981105158527,2.539180287210162E7,5.2873004359916234E8
5,300,300,720,2973.001866684255,2175.0329648385496,2205.722922678839,2327.5224297548866,2173.078239679832,0.24476981105158535,3.3830000103115074E7,5.2873004359916234E8
5,300,300,900,2973.002814750765,2176.1354778141244,2214.0123877819633,2337.462523877918,2173.1770848592305,0.24476981105158496,4.225657546304956E7,5.2873004359916234E8
5,300,300,1080,2973.0000027236288,2177.3218559285438,2222.292651637596,2346.5386095241365,2173.329113559579,0.24476981105158543,5.0670554189835675E7,5.2873004359916234E8
5,300,300,1260,2972.999999783336,2178.6114436027833,2230.5610791772806,2355.14585555304,2173.539481751708,0.24476981105158543,5.907089609292751E7,5.2873004359916234E8
5,300,300,1440,2973.0000000002515,2179.9929203215434,2238.815838416648,2363.4827325082642,2173.811790249637,0.244769811051586,6.745662947006401E7,5.2873004359916234E8
5,300,300,1620,2972.9999999984652,2181.4579135758204,2247.0575763851634,2371.6693880613407,2174.1401199244247,0.2447698110515856,7.58289050533586E7,5.2873004359916234E8
5,300,300,1800,2972.9999999892175,2182.9992595016333,2255.287212789247,2379.761481322512,2174.5187562886736,0.24476981105158488,8.418895787115724E7,5.2873004359916234E8
5,300,300,1980,2972.9999999998518,2184.635033270241,2263.5016906741253,2387.775988176552,2174.958273841388,0.2447698110515848,9.253340631182766E7,5.2873004359916234E8
5,300,300,2160,2973.000000001216,2186.3775701164077,2271.6988083876163,2395.727514040731,2175.465359125156,0.24476981105158513,1.008603682790739E8,5.2873004359916234E8
5,300,300,2340,2972.999999999732,2188.2336876121162,2279.877079885445,2403.628576698986,2176.0435506099125,0.2447698110515852,1.0916841626088814E8,5.2873004359916234E8
5,300,300,2520,2972.9999999998163,2190.207716951427,2288.0352129715243,2411.485775716749,2176.6956024294736,0.24476981105158513,1.1745624321463808E8,5.2873004359916234E8
5,300,300,2700,2973.000000000058,2192.302472610612,2296.1719552338554,2419.3012584021917,2177.4241572732262,0.24476981105158543,1.2572256238118066E8,5.2873004359916234E8
5,300,300,2880,2973.000000000018,2194.51972511369,2304.286054102224,2427.0747379053096,2178.231878707362,0.24476981105158543,1.3396608126909013E8,5.2873004359916234E8
5,300,300,3060,2972.9999999999877,2196.8604864814233,2312.3762486663586,2434.8049710250316,2179.12143240184,0.24476981105158527,1.4218549833875743E8,5.2873004359916234E8
5,300,300,3240,2972.9999999999995,2199.3252643188493,2320.4412698387187,2442.4905651823215,2180.0954370726804,0.24476981105158463,1.5037950545375705E8,5.2873004359916234E8
5,300,300,3420,2973.0000000000023,2201.914248319835,2328.479871459177,2450.130319988251,2181.156366850158,0.24476981105158518,1.5854678777414083E8,5.2873004359916234E8
5,300,300,3600,2973.0000000000005,2204.6273960272797,2336.490969609661,2457.723315433938,2182.3062668413436,0.24476981105158527,1.666860123681897E8,5.2873004359916234E8
5,300,300,3780,2972.9999999999986,2207.4645095267415,2344.4731898645814,2465.2683871659733,2183.547636328819,0.24476981105158482,1.7479588617928836E8,5.2873004359916234E8
5,300,300,3960,2972.9999999999995,2210.4251543286086,2352.4251721927403,2472.764318413776,2184.882797279256,0.24476981105158496,1.8287510443353492E8,5.2873004359916234E8
5,300,300,4140,2973.0000000000005,2213.5086800128693,2360.345610088381,2480.2097402022778,2186.3138123323233,0.24476981105158518,1.909223662003017E8,5.2873004359916234E8
5,300,300,4320,2973.0000000000005,2216.7143387793512,2368.2332339061663,2487.6031343954883,2187.842521786631,0.2447698110515854,1.9893637687361702E8,5.2873004359916234E8
5,300,300,4500,2973.0000000000005,2220.0412167018544,2376.0867919655198,2494.9430251622466,2189.470585842448,0.24476981105158518,2.069158503941296E8,5.2873004359916234E8
5,300,300,4680,2973.0000000000005,2223.488149268864,2383.90504257766,2502.228200856246,2191.199506275002,0.2447698110515854,2.148595117660147E8,5.2873004359916234E8
5,300,300,4860,2973.0000000000005,2227.0538739867497,2391.6867524558606,2509.4578959659643,2193.0306323485997,0.24476981105158527,2.2276609856390238E8,5.2873004359916234E8
5,300,300,5040,2973.0000000000005,2230.737113681063,2399.430698671224,2516.6315722486925,2194.965159124432,0.24476981105158513,2.3063436154062548E8,5.2873004359916234E8
5,300,300,5220,2973.0000000000005,2234.5363243872303,2407.1356724735388,2523.748675150138,2197.0041251055236,0.2447698110515848,2.3846306675277734E8,5.2873004359916234E8
5,300,300,5400,2973.0000000000005,2238.4497103631243,2414.80048353425,2530.8082365809737,2199.1484141177784,0.2447698110515848,2.4625099802359644E8,5.2873004359916234E8
5,300,300,5580,2973.0000000000005,2242.475538999602,2422.423961189705,2537.8088948172376,2201.3987599728484,0.24476981105158502,2.5399695727579895E8,5.2873004359916234E8
5,300,300,5760,2973.0000000000005,2246.6121422165265,2430.0049534396603,2544.749175661073,2203.7557473907923,0.24476981105158482,2.6169976421341836E8,5.2873004359916234E8
5,300,300,5940,2973.0000000000005,2250.8574949472577,2437.5422962381826,2551.6278073016724,2206.219816466009,0.2447698110515854,2.693582614999342E8,5.2873004359916234E8
5,300,300,6120,2973.0000000000005,2255.2086173497382,2445.034680819084,2558.444094688866,2208.791289174105,0.24476981105158552,2.7697133437945294E8,5.2873004359916234E8
5,300,300,6300,2973.0000000000005,2259.683505536688,2452.471942931734,2565.1859273322807,2211.491116908338,0.2447698110515851,2.8452849243240464E8,5.2873004359916234E8
5,300,300,6480,2973.0000000000005,2264.2900659964166,2459.847310392118,2571.8460445494975,2214.330891434862,0.2447698110515854,2.920228170329627E8,5.2873004359916234E8
5,300,300,6660,2973.0000000000005,2268.993507887924,2467.1737789163853,2578.441909023926,2217.2774496959805,0.24476981105158502,2.994674044408136E8,5.2873004359916234E8
5,300,300,6840,2973.0000000000005,2273.7914222640698,2474.4503387417026,2584.9724983332876,2220.3303804619545,0.2447698110515847,3.068612558132802E8,5.2873004359916234E8
5,300,300,7020,2973.0000000000005,2278.681220196345,2481.676036391842,2591.4373395682496,2223.4890702141192,0.24476981105158532,3.1420339952269626E8,5.2873004359916234E8
5,300,300,7200,2973.0000000000005,2283.6602161775304,2488.849945562637,2597.8360911618747,2226.752781265038,0.24476981105158543,3.214928923422314E8,5.2873004359916234E8
5,300,300,7380,2973.0000000000005,2288.725667537188,2495.971168619862,2604.1683641641894,2230.1206555009817,0.2447698110515851,3.287288200376972E8,5.2873004359916234E8
5,300,300,7560,2973.0000000000005,2293.874785729603,2503.038837025407,2610.4337317856966,2233.591718469595,0.24476981105158543,3.35910297871344E8,5.2873004359916234E8
5,300,300,7740,2973.0000000000005,2299.1047350808294,2510.0521115864653,2616.631778642937,2237.1648834342923,0.24476981105158518,3.430364710836725E8,5.2873004359916234E8
5,300,300,7920,2973.0000000000005,2304.412654111864,2517.010182714487,2622.7621160092685,2240.8389552366084,0.24476981105158513,3.5010651517865473E8,5.2873004359916234E8
5,300,300,8100,2973.0000000000005,2309.7864008259144,2523.9195475106553,2628.8331672098984,2244.6000532730527,0.24476981105158532,3.57127137815714E8,5.2873004359916234E8
5,300,300,8280,2973.0000000000005,2315.216365275034,2530.785811594229,2634.852070831128,2248.436764479954,0.24476981105158513,3.641045404316827E8,5.2873004359916234E8
5,300,300,8460,2973.0000000000005,2320.7105496439513,2537.600780042159,2640.8093434529314,2252.361569613638,0.24476981105158518,3.71028812714152E8,5.2873004359916234E8
5,300,300,8640,2973.0000000000005,2326.2717824676142,2544.3598013141395,2646.6998715227674,2256.3803449232255,0.24476981105158518,3.778961614178709E8,5.2873004359916234E8
5,300,300,8820,2973.0000000000005,2331.898823678631,2551.0613886671267,2652.5223482869183,2260.493444410766,0.24476981105158535,3.847048323565035E8,5.2873004359916234E8
5,300,300,9000,2973.0000000000005,2337.589334127471,2557.704235159271,2658.2758342853404,2264.700220512013,0.24476981105158543,3.91453848406316E8,5.2873004359916234E8
5,300,300,9180,2973.0000000000005,2343.340328353031,2564.287510712371,2663.9599617390577,2268.999121898956,0.24476981105158535,3.981424401383995E8,5.2873004359916234E8
5,300,300,9360,2973.0000000000005,2349.1486369110203,2570.8106048481595,2669.5746154557746,2273.3882577364056,0.24476981105158527,4.0476994527111566E8,5.2873004359916234E8
5,300,300,9540,2973.0000000000005,2355.011210560446,2577.2729751409793,2675.119737946336,2277.865651436734,0.2447698110515848,4.1133575963378906E8,5.2873004359916234E8
5,300,300,9720,2973.0000000000005,2360.9250974102792,2583.67409739868,2680.5952574776034,2282.429300087686,0.24476981105158488,4.178393197885359E8,5.2873004359916234E8
5,300,300,9900,2973.0000000000005,2366.8872273011293,2590.013463273678,2686.0011325241026,2287.077165487999,0.24476981105158502,4.242800977296295E8,5.2873004359916234E8
5,300,300,10080,2973.0000000000005,2372.894464408799,2596.2905881616257,2691.3373776869757,2291.8071570113943,0.24476981105158574,4.3065759943603265E8,5.2873004359916234E8
5,300,300,10260,2973.0000000000005,2378.9437521814093,2602.505016822228,2696.604019743666,2296.617123011651,0.24476981105158566,4.3697136376881963E8,5.2873004359916234E8
5,300,300,10440,2973.0000000000005,2385.0321805325243,2608.65632527472,2701.801104402279,2301.504852552354,0.2447698110515851,4.432209610597244E8,5.2873004359916234E8
5,300,300,10620,2973.0000000000005,2391.156948789305,2614.7441201815773,2706.9287039773603,2306.46808265513,0.24476981105158463,4.49405991877809E8,5.2873004359916234E8
5,300,300,10800,2973.0000000000005,2397.3151128058257,2620.768038824499,2711.986889935964,2311.5045051231723,0.24476981105158482,4.5552608765919346E8,5.2873004359916234E8
5,300,300,10980,2973.0000000000005,2403.5036580621477,2626.727749108445,2716.975787412127,2316.611769791444,0.2447698110515851,4.6158091138135993E8,5.2873004359916234E8
5,300,300,11160,2973.0000000000005,2409.7195826098687,2632.622949706528,2721.8955724192956,2321.7874863331704,0.24476981105158518,4.675701576889434E8,5.2873004359916234E8
5,300,300,11340,2973.0000000000005,2415.959947257446,2638.4533629059397,2726.7464656969637,2327.0291608516645,0.24476981105158532,4.7349355308922964E8,5.2873004359916234E8
5,300,300,11520,2973.0000000000005,2422.2216601886603,2644.2187084211632,2731.528708465694,2332.3339452554073,0.24476981105158552,4.7935085897275317E8,5.2873004359916234E8
5,300,300,11700,2973.0000000000005,2428.502518461289,2649.9188459786187,2736.2424067786237,2337.700007754066,0.24476981105158535,4.8514185236353856E8,5.2873004359916234E8
5,300,300,11880,2973.0000000000005,2434.799474370015,2655.5535861854296,2740.887790663125,2343.124734860266,0.24476981105158474,4.908663511942256E8,5.2873004359916234E8
5,300,300,12060,2973.0000000000005,2441.109597008834,2661.1227345453685,2745.465317625506,2348.605081635581,0.24476981105158513,4.965242033317974E8,5.2873004359916234E8
5,300,300,12240,2973.0000000000005,2447.430846724059,2666.6262026152463,2749.975252366326,2354.13908174885,0.24476981105158527,5.021152743916141E8,5.2873004359916234E8
5,300,300,12420,2973.0000000000005,2453.7600633761326,2672.0638662592773,2754.4178887919084,2359.723670950226,0.24476981105158493,5.076394684421251E8,5.2873004359916234E8
5,300,300,12600,2973.0000000000005,2460.0944043275085,2677.4356693503987,2758.7934633285854,2365.356481308757,0.24476981105158513,5.1309671452065223E8,5.2873004359916234E8
5,300,300,12780,2973.0000000000005,2466.4311614049684,2682.7415764279367,2763.102462390839,2371.0350594582637,0.24476981105158535,5.184869720670965E8,5.2873004359916234E8
5,300,300,12960,2973.0000000000005,2472.7688541785647,2687.9815715811383,2767.345242348528,2376.7571548624683,0.24476981105158496,5.238102206345798E8,5.2873004359916234E8
5,300,300,13140,2907.8865319169886,2479.279763550064,2692.731122612526,2764.9662962081397,2382.5194905286476,0.2447698110515851,5.2860619841563535E8,5.2873004359916234E8
5,300,300,13320,2486.2973637840014,2486.297453670654,2694.0370895891424,2717.278983675032,2388.3196890392683,0.24476981105158557,5.2970538474387157E8,5.2873004359916234E8
5,300,300,13500,2492.340151423583,2492.3394269045775,2694.1807743037602,2703.5972197511787,2394.1573641069026,0.24476981105158474,5.297843910590355E8,5.2873004359916234E8
5,300,300,13680,2498.147444754084,2498.1474181405715,2694.203873300794,2699.017450313019,2400.0264089602056,0.24476981105158482,5.297843914504307E8,5.2873004359916234E8
5,300,300,13860,2503.847783433855,2503.8478915029514,2694.216385045161,2696.449284782277,2405.90553015004,0.24476981105158482,5.2978439029130673E8,5.2873004359916234E8
5,300,300,14040,2509.4579814892527,2509.458030039594,2694.2228260608454,2695.1445489533157,2411.7874472035323,0.24476981105158496,5.297843897298717E8,5.2873004359916234E8
5,300,300,14220,2514.9909339156607,2514.990931721978,2694.2258777540114,2694.5581078887462,2417.6647754700425,0.2447698110515851,5.2978438970958006E8,5.2873004359916234E8
5,300,300,14400,2520.457761892045,2520.4577513045033,2694.227266788982,2694.3226368544106,2423.530878103966,0.24476981105158518,5.297843898117017E8,5.2873004359916234E8
5,300,300,14580,2525.862954467841,2525.862950671561,2694.227909947393,2694.2405797913725,2429.3804924119845,0.24476981105158527,5.297843898564585E8,5.2873004359916234E8
5,300,300,14760,2531.204281312695,2531.2042819116923,2694.22823861461,2694.2186088789854,2435.2095144439054,0.2447698110515854,5.2978438985392237E8,5.2873004359916234E8
5,300,300,14940,2536.4756999632527,2536.475700962107,2694.228438046777,2694.2168254244802,2441.0145509555223,0.24476981105158513,5.2978438984395653E8,5.2873004359916234E8
5,300,300,15120,2541.670393496091,2541.6703937758334,2694.2285813936755,2694.2199170459285,2446.7925092796827,0.2447698110515851,5.297843898404781E8,5.2873004359916234E8
5,300,300,15300,2546.782413834553,2546.7824137466796,2694.2286948054434,2694.2229338875823,2452.5403286494684,0.24476981105158518,5.297843898410775E8,5.2873004359916234E8
5,300,300,15480,2551.8071327086227,2551.807132617525,2694.2287861454324,2694.2248258767336,2458.2548584046417,0.24476981105158482,5.297843898420156E8,5.2873004359916234E8
5,300,300,15660,2556.7411768930874,2556.7411768742236,2694.2288569531215,2694.2257389902657,2463.9328428866256,0.24476981105158457,5.297843898422677E8,5.2873004359916234E8
5,300,300,15840,2561.582165013875,2561.5821650245484,2694.228907121663,2694.2260233296583,2469.570963667963,0.24476981105158463,5.297843898421818E8,5.2873004359916234E8
5,300,300,16020,2566.328445886056,2566.3284458940984,2694.228936874556,2694.22595861233,2475.165899607623,0.24476981105158496,5.297843898420983E8,5.2873004359916234E8
5,300,300,16200,2570.9788527244746,2570.9788527255573,2694.2289473786295,2694.2257265665044,2480.714381370691,0.24476981105158532,5.297843898420818E8,5.2873004359916234E8
5,300,300,16380,2575.5324627899954,2575.53246278882,2694.2289403972227,2694.225437787172,2486.2132318844738,0.24476981105158527,5.297843898420917E8,5.2873004359916234E8
5,300,300,16560,2579.988468138555,2579.9884681378694,2694.2289175455803,2694.225151808996,2491.6593920289956,0.2447698110515851,5.2978438984209895E8,5.2873004359916234E8
5,300,300,16740,2584.346184937833,2584.346184937793,2694.2288799018434,2694.2248914349175,2497.0499353480977,0.24476981105158496,5.2978438984209985E8,5.2873004359916234E8
5,300,300,16920,2588.6051069062214,2588.6051069063433,2694.228828242005,2694.224660906612,2502.3820752955285,0.24476981105158493,5.297843898420988E8,5.2873004359916234E8
5,300,300,17100,2592.764924671665,2592.764924671722,2694.228763513952,2694.224458408592,2507.65316771364,0.24476981105158513,5.297843898420981E8,5.2873004359916234E8
5,300,300,17280,2596.825490758954,2596.825490758953,2694.228687070715,2694.2242834166736,2512.860711345949,0.24476981105158532,5.297843898420981E8,5.2873004359916234E8
5,300,300,17460,2600.7867700984993,2600.7867700984875,2694.2286004910807,2694.2241343064106,2518.0023473440338,0.24476981105158527,5.297843898420981E8,5.2873004359916234E8
5,300,300,17640,2604.6488180468023,2604.648818046797,2694.2285051940244,2694.224003988127,2523.075858419942,0.24476981105158518,5.297843898420983E8,5.2873004359916234E8
5,300,300,17820,2608.4117882665996,2608.4117882666,2694.2284021908404,2694.223881620774,2528.0791678838364,0.24476981105158527,5.297843898420983E8,5.2873004359916234E8
5,300,300,18000,2612.0759499343917,2612.0759499343926,2694.228292242434,2694.223758965039,2533.0103384422546,0.24476981105158527,5.297843898420983E8,5.2873004359916234E8
5,400,400,0,3141.6190213054206,2269.4263743191527,2173.004245755338,2176.0857607122475,2172.9929273305224,0.2447698110515882,19031.34104762868,5.2873004359916234E8
5,400,400,180,3071.6076277882516,2171.607627788252,2181.882064979349,2290.2988756171558,2172.9621425530013,0.2447698110515844,9535400.728585413,5.2873004359916234E8
5,400,400,360,3072.1709013774976,2172.1709798001875,2191.162476757251,2316.9433243156564,2172.9424541984226,0.24476981105158427,1.9052540696774863E7,5.2873004359916234E8
5,400,400,540,3073.3601516669605,2173.4661488115726,2200.4934763256892,2333.2314956955784,2172.969900500605,0.24476981105158385,2.8568577370555248E7,5.2873004359916234E8
5,400,400,720,3072.999963516754,2175.231145327687,2209.8236470216116,2346.3510360227547,2173.0362434655412,0.24476981105158513,3.806213643398613E7,5.2873004359916234E8
5,400,400,900,3072.9999589646845,2176.4373688143764,2219.148974950045,2357.656691851975,2173.152337998905,0.24476981105158535,4.754294465964635E7,5.2873004359916234E8
5,400,400,1080,3073.0000000887335,2177.7678401828407,2228.4646722583084,2367.978252075037,2173.325502372765,0.24476981105158496,5.700990157388475E7,5.2873004359916234E8
5,400,400,1260,3072.9999999680817,2179.1953346461764,2237.769645800638,2377.806082841771,2173.551998048808,0.24476981105158518,6.6464133262217924E7,5.2873004359916234E8
5,400,400,1440,3073,2180.7347554097696,2247.063502945794,2387.392864743466,2173.8286894003127,0.24476981105158527,7.590624121625297E7,5.2873004359916234E8
5,400,400,1620,3073,2182.403534888394,2256.3344825750055,2396.563517275965,2174.206043923758,0.24476981105158496,8.532395589495127E7,5.2873004359916234E8
5,400,400,1800,3073,2184.1848161046873,2265.586876385479,2405.6267715315125,2174.658874653483,0.24476981105158482,9.472282155918859E7,5.2873004359916234E8
5,400,400,1980,3073,2186.0837202137905,2274.8197666365877,2414.614197481187,2175.1879853485575,0.24476981105158482,1.041016071728476E8,5.2873004359916234E8
5,400,400,2160,3073,2188.1093683803697,2284.0312945787173,2423.5394030210828,2175.7979328746333,0.24476981105158474,1.1345897230916595E8,5.2873004359916234E8
5,400,400,2340,3073,2190.265186854849,2293.2202832289363,2432.4102255341218,2176.4907762774797,0.24476981105158496,1.2279354057287462E8,5.2873004359916234E8
5,400,400,2520,3073,2192.552425946356,2302.3856819497373,2441.2311590741083,2177.268075359238,0.24476981105158496,1.3210392241382642E8,5.2873004359916234E8
5,400,400,2700,3073,2194.941212055422,2311.5323742606797,2450.014791365078,2178.11127782431,0.24476981105158502,1.4139575279442483E8,5.2873004359916234E8
5,400,400,2880,3073,2197.448714086715,2320.656537836815,2458.755519788268,2179.032568286584,0.24476981105158535,1.5066543380407247E8,5.2873004359916234E8
5,400,400,3060,3073,2200.086594452285,2329.7550239746533,2467.449147404216,2180.0412534509755,0.2447698110515851,1.5990918510174024E8,5.2873004359916234E8
5,400,400,3240,3073,2202.8609280811215,2338.8255485280274,2476.0930309621367,2181.1433779252284,0.24476981105158488,1.6912480683163238E8,5.2873004359916234E8
5,400,400,3420,3073,2205.7738635327555,2347.8663959398336,2484.685504521461,2182.342754731519,0.24476981105158527,1.7831046936591205E8,5.2873004359916234E8
5,400,400,3600,3073,2208.8258575970663,2356.876070611364,2493.225119230042,2183.6422891484362,0.2447698110515851,1.8746461884965345E8,5.2873004359916234E8
5,400,400,3780,3073,2212.0167751757926,2365.8531276734884,2501.7104850739074,2185.044569388988,0.24476981105158474,1.9658576634382617E8,5.2873004359916234E8
5,400,400,3960,3073,2215.346180961103,2374.7961362749747,2510.140185214349,2186.5519903765157,0.24476981105158552,2.0567244109281722E8,5.2873004359916234E8
5,400,400,4140,3073,2218.8134414543074,2383.7037727038237,2518.512965441231,2188.1666238794446,0.2447698110515854,2.1472302820221433E8,5.2873004359916234E8
5,400,400,4320,3073,2222.4177923311004,2392.5747532676105,2526.82765329282,2189.890340521932,0.24476981105158482,2.2373597247178575E8,5.2873004359916234E8
5,400,400,4500,3073,2226.1582210844444,2401.4075411713907,2535.0828549559847,2191.725262101715,0.24476981105158493,2.3271010153966865E8,5.2873004359916234E8
5,400,400,4680,3073,2230.033536229525,2410.200655264552,2543.2772384207233,2193.6732472790836,0.2447698110515851,2.416439182756798E8,5.2873004359916234E8
5,400,400,4860,3073,2234.042284341143,2418.9526805160694,2551.4095888252778,2195.7358780067098,0.24476981105158535,2.5053605917451486E8,5.2873004359916234E8
5,400,400,5040,3073,2238.1828389426178,2427.662243205166,2559.4787591050463,2197.9145095130666,0.2447698110515852,2.5938510986295536E8,5.2873004359916234E8
5,400,400,5220,3073,2242.453539348527,2436.327992659024,2567.483613229053,2200.2103088281087,0.24476981105158496,2.68189696601545E8,5.2873004359916234E8
5,400,400,5400,3073,2246.852609773059,2444.948595457556,2575.423017169879,2202.6242717319396,0.24476981105158513,2.7694845056440604E8,5.2873004359916234E8
5,400,400,5580,3073,2251.3780263568465,2453.522736137233,2583.2959242387165,2205.157226630542,0.24476981105158502,2.8566002814517736E8,5.2873004359916234E8
5,400,400,5760,3073,2256.027622320156,2462.0491185990545,2591.1014427166133,2207.809833036065,0.24476981105158455,2.9432310506377E8,5.2873004359916234E8
5,400,400,5940,3073,2260.7992097652104,2470.526467327935,2598.838748748569,2210.5825801767946,0.24476981105158463,3.029363805877881E8,5.2873004359916234E8
5,400,400,6120,3073,2265.6904131551164,2478.9534248210516,2606.506852241423,2213.475806845355,0.24476981105158482,3.114986843940674E8,5.2873004359916234E8
5,400,400,6300,3073,2270.698365727937,2487.328657741173,2614.1046783267147,2216.4896603669613,0.24476981105158502,3.200088799168658E8,5.2873004359916234E8
5,400,400,6480,3073,2275.820553991398,2495.651140743505,2621.631453339484,2219.624046856604,0.24476981105158518,3.284655730928824E8,5.2873004359916234E8
5,400,400,6660,3073,2281.0548645577105,2503.9198207235654,2629.086567472576,2222.8787979482045,0.24476981105158527,3.368673979439532E8,5.2873004359916234E8
5,400,400,6840,3073,2286.398410132064,2512.1335513594126,2636.46939451457,2226.2535966201012,0.2447698110515851,3.4521315490992075E8,5.2873004359916234E8
5,400,400,7020,3073,2291.8478930297556,2520.2909961439937,2643.779183679589,2229.747932031757,0.24476981105158527,3.5350201945505625E8,5.2873004359916234E8
5,400,400,7200,3073,2297.4008591000397,2528.391203327788,2651.0152761688305,2233.3612056676693,0.24476981105158527,3.6173276115444136E8,5.2873004359916234E8
5,400,400,7380,3073,2303.0543479303096,2536.433221180407,2658.177026756064,2237.0927266151757,0.24476981105158527,3.6990418902622426E8,5.2873004359916234E8
5,400,400,7560,3073,2308.8051861422373,2544.4160048636627,2665.2639130134075,2240.941591658688,0.24476981105158474,3.780152012277874E8,5.2873004359916234E8
5,400,400,7740,3073,2314.6498535679675,2552.3383626830732,2672.275390794079,2244.9066189673977,0.24476981105158502,3.860650857720764E8,5.2873004359916234E8
5,400,400,7920,3073,2320.5856280495154,2560.1994479493565,2679.2110304301214,2248.9867169331087,0.24476981105158552,3.940527327897361E8,5.2873004359916234E8
5,400,400,8100,3073,2326.6091125665926,2567.9983379468376,2686.0704012014726,2253.1805923143143,0.24476981105158513,4.01977149336047E8,5.2873004359916234E8
5,400,400,8280,3073,2332.7463571158128,2575.71082122762,2692.8250949461253,2257.5270283405384,0.24476981105158496,4.0981163822068465E8,5.2873004359916234E8
5,400,400,8460,3073,2338.969225924799,2583.353234200749,2699.4959408453233,2261.9924503859,0.24476981105158527,4.1757372082417256E8,5.2873004359916234E8
5,400,400,8640,3073,2345.2676903548445,2590.9296603332177,2706.088583877981,2266.5663599683044,0.24476981105158518,4.25269199651497E8,5.2873004359916234E8
5,400,400,8820,3073,2351.6376131340735,2598.43985298546,2712.6034243464205,2271.2459506032683,0.2447698110515851,4.328973190835185E8,5.2873004359916234E8
5,400,400,9000,3073,2358.075588706649,2605.8831226595685,2719.0403297614234,2276.029203622817,0.2447698110515852,4.4045735948994374E8,5.2873004359916234E8
5,400,400,9180,3073,2364.578249823341,2613.258796101178,2725.399161823309,2280.9140470022967,0.24476981105158513,4.4794863684697646E8,5.2873004359916234E8
5,400,400,9360,3073,2371.1422100801938,2620.566234334313,2731.6798053454077,2285.8983275996407,0.24476981105158474,4.5537050294062734E8,5.2873004359916234E8
5,400,400,9540,3073,2377.7640640004092,2627.8048335604362,2737.8821842399448,2290.979813822248,0.24476981105158463,4.6272234556847274E8,5.2873004359916234E8
5,400,400,9720,3073,2384.440427862914,2634.974025126172,2744.006260579552,2296.156199489098,0.24476981105158527,4.7000358830965847E8,5.2873004359916234E8
5,400,400,9900,3073,2391.1679285949695,2642.073275348027,2750.052031790717,2301.425109289274,0.24476981105158535,4.772136904122067E8,5.2873004359916234E8
5,400,400,10080,3073,2397.9432035928676,2649.1020853561736,2756.019527926466,2306.7841037137123,0.2447698110515852,4.843521466823025E8,5.2873004359916234E8
5,400,400,10260,3073,2404.762904603143,2656.0599910305987,2761.9088123621955,2312.2306835560585,0.24476981105158543,4.9141848733259755E8,5.2873004359916234E8
5,400,400,10440,3073,2411.6237056724754,2662.946562836001,2767.719980040711,2317.7622943683955,0.2447698110515854,4.9841227774635756E8,5.2873004359916234E8
5,400,400,10620,3073,2418.5223078633676,2669.761405487791,2773.4531534526936,2323.376331396385,0.2447698110515852,5.05333118191838E8,5.2873004359916234E8
5,400,400,10800,3073,2425.455439513552,2676.5041576201293,2779.108485366136,2329.070144410829,0.24476981105158527,5.121806435338242E8,5.2873004359916234E8
5,400,400,10980,3073,2432.4198621206006,2683.174491490557,2784.6861604853643,2334.8410417370183,0.24476981105158527,5.189545228829696E8,5.2873004359916234E8
5,400,400,11160,3073,2439.406277972845,2689.7901864801925,2790.205501326432,2340.668632715158,0.24476981105158493,5.2567384975750446E8,5.2873004359916234E8
5,400,400,11340,2555.037348647707,2454.234148772555,2692.9083185079157,2739.842328535537,2346.5685967215295,0.24476981105158518,5.29210947328726E8,5.2873004359916234E8
5,400,400,11520,2454.2189628797687,2454.298869171159,2693.045276306123,2710.139072673598,2352.539803106849,0.24476981105158518,5.292045450555271E8,5.2873004359916234E8
5,400,400,11700,2460.798168603203,2460.7302804119636,2693.0854990150633,2701.5308738273484,2358.5775539970955,0.2447698110515851,5.292060619522858E8,5.2873004359916234E8
5,400,400,11880,2467.1383425195154,2467.1559928898587,2693.1058561306268,2697.2424170673444,2364.659252860113,0.24476981105158527,5.292059313144748E8,5.2873004359916234E8
5,400,400,12060,2473.401989490939,2473.422627277324,2693.1171705493603,2694.9086244233804,2370.7709539872462,0.24476981105158513,5.2920571307811755E8,5.2873004359916234E8
5,400,400,12240,2479.5764701399153,2479.5811951804008,2693.122726376414,2693.8115431616884,2376.906049100191,0.24476981105158496,5.2920566311270034E8,5.2873004359916234E8
5,400,400,12420,2485.6920633408354,2485.689825799753,2693.1252904474527,2693.351912927748,2383.0564522414143,0.24476981105158513,5.2920568677380055E8,5.2873004359916234E8
5,400,400,12600,2491.760867414653,2491.7590273901237,2693.126474999094,2693.1808998835195,2389.215231788343,0.24476981105158513,5.292057062313295E8,5.2873004359916234E8
5,400,400,12780,2497.7777043330298,2497.7774158314337,2693.1270700225064,2693.127310266713,2395.376861104744,0.24476981105158518,5.292057092821221E8,5.2873004359916234E8
5,400,400,12960,2503.734781535859,2503.735034140126,2693.1274236206136,2693.116123365284,2401.5368108632033,0.24476981105158493,5.292057066109269E8,5.2873004359916234E8
5,400,400,13140,2509.6239323041405,2509.624091046167,2693.1276763524543,2693.1175041435463,2407.6910534614076,0.24476981105158488,5.292057049322921E8,5.2873004359916234E8
5,400,400,13320,2515.453466827646,2515.4534233423615,2693.1278826396,2693.1217147865536,2413.8386705561747,0.24476981105158513,5.292057046447299E8,5.2873004359916234E8
5,400,400,13500,2521.2052876533908,2521.2051925443434,2693.128053335338,2693.1254377258606,2419.975422604054,0.24476981105158535,5.292057050224954E8,5.2873004359916234E8
5,400,400,13680,2526.8742826338676,2526.8742915058538,2693.1282026986246,2693.1265774490043,2426.097328364479,0.2447698110515852,5.2920570493547875E8,5.2873004359916234E8
5,400,400,13860,2532.4523143258584,2532.452368017422,2693.12832761939,2693.12606289956,2432.199759454777,0.2447698110515851,5.2920570455681586E8,5.2873004359916234E8
5,400,400,14040,2537.9354424877038,2537.935450357641,2693.128423941507,2693.1252643404036,2438.2781762058653,0.24476981105158513,5.2920570447283405E8,5.2873004359916234E8
5,400,400,14220,2543.3216492550255,2543.321623536447,2693.1284908592766,2693.12489241612,2444.3280697750247,0.24476981105158502,5.2920570461467314E8,5.2873004359916234E8
5,400,400,14400,2548.609200933119,2548.609191518323,2693.1285307167846,2693.1249287137143,2450.3450007209162,0.2447698110515851,5.2920570467752606E8,5.2873004359916234E8
5,400,400,14580,2553.796463011467,2553.7964743677244,2693.128547151829,2693.125036443298,2456.324673864112,0.24476981105158527,5.292057046098238E8,5.2873004359916234E8
5,400,400,14760,2558.882037602622,2558.882044921538,2693.1285433748453,2693.124945145887,2462.2629839529427,0.24476981105158527,5.292057045604777E8,5.2873004359916234E8
5,400,400,14940,2563.8647094123085,2563.864705106945,2693.1285214721183,2693.1245887382133,2468.15601891778,0.24476981105158488,5.292057045833627E8,5.2873004359916234E8
5,400,400,15120,2568.7434264387944,2568.7434217354785,2693.128482586258,2693.124073083213,2474.0000381193863,0.24476981105158496,5.292057046132803E8,5.2873004359916234E8
5,400,400,15300,2573.517038304169,2573.5170395291807,2693.1284274507507,2693.123590859933,2479.7914494486367,0.24476981105158535,5.29205704607493E8,5.2873004359916234E8
5,400,400,15480,2578.1842871297354,2578.1842898256596,2693.1283569300012,2693.123306537174,2485.526800603691,0.24476981105158527,5.292057045906731E8,5.2873004359916234E8
5,400,400,15660,2582.7444374999745,2582.7444374418583,2693.128272130987,2693.123304306733,2491.202786425459,0.24476981105158482,5.292057045900058E8,5.2873004359916234E8
5,400,400,15840,2587.197506768889,2587.197505361467,2693.128174610556,2693.1235273394323,2496.8162650659483,0.24476981105158466,5.292057045985465E8,5.2873004359916234E8
5,400,400,16020,2591.5434709614615,2591.5434706910632,2693.128066419634,2693.1237816714206,2502.364271670723,0.2447698110515851,5.2920570460070294E8,5.2873004359916234E8
5,400,400,16200,2595.7818981003234,2595.781898770914,2693.1279496058323,2693.123858737088,2507.8440203508685,0.2447698110515854,5.29205704596737E8,5.2873004359916234E8
5,400,400,16380,2599.912681318279,2599.912681601388,2693.1278260177473,2693.1235811170977,2513.252890742873,0.24476981105158496,5.29205704594773E8,5.2873004359916234E8
5,400,400,16560,2603.9360759165234,2603.936075629955,2693.127696734686,2693.1229370348974,2518.588408048225,0.24476981105158466,5.292057045964013E8,5.2873004359916234E8
5,400,400,16740,2607.852153884343,2607.852153676655,2693.12756125041,2693.122284077382,2523.8482382912944,0.24476981105158513,5.2920570459776753E8,5.2873004359916234E8
5,400,400,16920,2611.661066554906,2611.6610666588554,2693.127418580418,2693.122049602548,2529.0302079342855,0.24476981105158543,5.292057045972148E8,5.2873004359916234E8
5,400,400,17100,2615.363621785291,2615.3636219149603,2693.12726887132,2693.122314429542,2534.1323263984445,0.2447698110515854,5.2920570459638816E8,5.2873004359916234E8
5,400,400,17280,2618.9610356171333,2618.9610355910268,2693.127114031619,2693.1227451549776,2539.1527821296854,0.24476981105158496,5.292057045964998E8,5.2873004359916234E8
5,400,400,17460,2622.4539470015775,2622.453946928903,2693.12695657922,2693.122905036935,2544.0899133855705,0.24476981105158457,5.292057045969497E8,5.2873004359916234E8
5,400,400,17640,2625.842557707973,2625.842557705966,2693.1267979392455,2693.1226512578705,2548.9421828768272,0.24476981105158482,5.29205704596989E8,5.2873004359916234E8
5,400,400,17820,2629.1277220812945,2629.1277221184737,2693.1266384235064,2693.1221736760067,2553.708179856996,0.2447698110515854,5.2920570459676677E8,5.2873004359916234E8
5,400,400,18000,2632.3106245298527,2632.3106245388294,2693.1264772065906,2693.1217878857424,2558.386644900416,0.24476981105158552,5.2920570459669733E8,5.2873004359916234E8
5,500,500,0,3146.236374433437,2146.2446938219964,2173.006605051683,2176.1118117495366,2172.999999999999,0.24476981105158496,21149.113763499558,5.2873004359916234E8
5,500,500,180,3171.1945386567286,2171.194538656729,2182.86593780713,2303.7101948361346,2173.000024518028,0.2447698110515854,1.0595749985743433E7,5.2873004359916234E8
5,500,500,360,3171.8839420591953,2171.8839420591953,2193.1766891654183,2333.197984242348,2173.0035968030966,0.24476981105158502,2.1170350857726566E7,5.2873004359916234E8
5,500,500,540,3172.702709416677,2173.2790507547743,2203.535564505197,2351.7448844035393,2173.030271973144,0.24476981105158496,3.1738860700125095E7,5.2873004359916234E8
5,500,500,720,3173.0002964014434,2175.550074383689,2213.903423102483,2366.1051317822103,2173.098789427104,0.2447698110515851,4.2286516444965914E7,5.2873004359916234E8
5,500,500,900,3173.00331280835,2176.920296130802,2224.265116013234,2378.548788412493,2173.222668168048,0.24476981105158482,5.281971865687371E7,5.2873004359916234E8
5,500,500,1080,3172.999998508691,2178.4048989933435,2234.615354588209,2389.906032664758,2173.412913699862,0.24476981105158496,6.3337164926728755E7,5.2873004359916234E8
5,500,500,1260,3173.0000000360233,2180.016781824098,2244.9508292572154,2400.6724341309105,2173.6759939976105,0.24476981105158496,7.383756613056408E7,5.2873004359916234E8
5,500,500,1440,3172.99999998074,2181.7255882130803,2255.27207193305,2411.127121230017,2174.004363011627,0.2447698110515852,8.43226653517898E7,5.2873004359916234E8
5,500,500,1620,3172.9999999172023,2183.5255565967623,2265.579264546265,2421.38688398205,2174.3943536866054,0.2447698110515851,9.479322987382895E7,5.2873004359916234E8
5,500,500,1800,3173.0000000020764,2185.436777643832,2275.8688481317304,2431.501059514337,2174.858327300228,0.24476981105158496,1.0524547616818744E8,5.2873004359916234E8
5,500,500,1980,3173.0000000094146,2187.4746201835933,2286.1381937421725,2441.5083139256076,2175.4041769967766,0.24476981105158552,1.1567724999170022E8,5.2873004359916234E8
5,500,500,2160,3172.999999997569,2189.648827977462,2296.3854860437627,2451.43990585471,2176.036019294908,0.24476981105158543,1.2608687209150769E8,5.2873004359916234E8
5,500,500,2340,3172.999999998661,2191.9663769175027,2306.6091354867885,2461.3127193263103,2176.757060295242,0.24476981105158493,1.3647277220186943E8,5.2873004359916234E8
5,500,500,2520,3173.000000000508,2194.4322179045716,2316.8075984491184,2471.1334161818436,2177.5704422745953,0.24476981105158482,1.4683338148287594E8,5.2873004359916234E8
5,500,500,2700,3173.000000000124,2197.049634780916,2326.979326492247,2480.9032374872604,2178.479427478321,0.24476981105158482,1.571671084171263E8,5.2873004359916234E8
5,500,500,2880,3172.999999999901,2199.820612359302,2337.122756681418,2490.6209411040777,2179.4873709366784,0.2447698110515847,1.6747233993222806E8,5.2873004359916234E8
5,500,500,3060,3172.9999999999927,2202.7462666708784,2347.236311951318,2500.284551891994,2180.5976390751252,0.24476981105158527,1.777474479012695E8,5.2873004359916234E8
5,500,500,3240,3173.0000000000164,2205.827155139576,2357.318403724785,2509.8922773926356,2181.8135320455985,0.24476981105158527,1.8799079525217107E8,5.2873004359916234E8
5,500,500,3420,3172.9999999999977,2209.063454419867,2367.3674803711765,2519.442720062183,2183.138143191121,0.24476981105158482,1.9820073795909446E8,5.2873004359916234E8
5,500,500,3600,3172.999999999988,2212.4550920002257,2377.382176927858,2528.934785373754,2184.574054029057,0.2447698110515851,2.083756203300018E8,5.2873004359916234E8
5,500,500,3780,3172.9999999999977,2216.0017951634923,2387.3607691696407,2538.367007547711,2186.1244066660815,0.24476981105158513,2.185138144592698E8,5.2873004359916234E8
5,500,500,3960,3173.000000000006,2219.702993975049,2397.301557714954,2547.7378226189344,2187.7921055783986,0.24476981105158493,2.2861368665086088E8,5.2873004359916234E8
5,500,500,4140,3173.0000000000023,2223.5578723684894,2407.202910877638,2557.0454255578393,2189.5797272644377,0.24476981105158496,2.3867360905382815E8,5.2873004359916234E8
5,500,500,4320,3172.9999999999977,2227.565497937048,2417.063242020003,2566.287844046596,2191.4895688686947,0.2447698110515851,2.4869196224972805E8,5.2873004359916234E8
5,500,500,4500,3172.9999999999977,2231.7247599590187,2426.8809857686133,2575.4632584945325,2193.523701415536,0.24476981105158532,2.5866713745747483E8,5.2873004359916234E8
5,500,500,4680,3173,2236.0343265948177,2436.6545875810725,2584.570256936932,2195.683999503609,0.2447698110515854,2.6859753883179986E8,5.2873004359916234E8
5,500,500,4860,3173.000000000001,2240.4925770327436,2446.382503165896,2593.607944357989,2197.972151334518,0.24476981105158502,2.7848158627068365E8,5.2873004359916234E8
5,500,500,5040,3173,2245.0975995643457,2456.06320355513,2602.575682872121,2200.389655876335,0.2447698110515848,2.883177183986178E8,5.2873004359916234E8
5,500,500,5220,3172.9999999999995,2249.8473605124796,2465.695179053608,2611.472886463856,2202.9378177854655,0.24476981105158496,2.981043944079062E8,5.2873004359916234E8
5,500,500,5400,3173,2254.7400820004673,2475.276941331185,2620.2983223194205,2205.617743675445,0.24476981105158527,3.0784009285032254E8,5.2873004359916234E8
5,500,500,5580,3173,2259.773841990387,2484.8070251539634,2629.04995347453,2208.430342302824,0.24476981105158527,3.175233122990593E8,5.2873004359916234E8
5,500,500,5760,3173,2264.9461363657842,2494.283989232824,2637.725573689819,2211.3763272283745,0.24476981105158482,3.271525756907135E8,5.2873004359916234E8
5,500,500,5940,3173,2270.2540045548953,2503.706416976295,2646.323681053853,2214.456227803402,0.24476981105158518,3.3672643495711696E8,5.2873004359916234E8
5,500,500,6120,3173,2275.694799498906,2513.0729135252377,2654.8441976323397,2217.670399493428,0.24476981105158532,3.4624347030351067E8,5.2873004359916234E8
5,500,500,6300,3173,2281.2660994844664,2522.3821092063154,2663.2874301391553,2221.019021703835,0.2447698110515854,3.557022884215678E8,5.2873004359916234E8
5,500,500,6480,3173,2286.965096643883,2531.632618826761,2671.653050891591,2224.502077431322,0.24476981105158518,3.6510152687129444E8,5.2873004359916234E8
5,500,500,6660,3173,2292.788098680515,2540.8229175908646,2679.9396106408885,2228.1193213136216,0.2447698110515855,3.7443986754031616E8,5.2873004359916234E8
5,500,500,6840,3173,2298.7324836943085,2549.951963874109,2688.145428622177,2231.8703349391353,0.2447698110515855,3.8371599914770514E8,5.2873004359916234E8
5,500,500,7020,3173,2304.7956301429044,2559.0187500672623,2696.269605090846,2235.754656706484,0.24476981105158527,3.9292863890964323E8,5.2873004359916234E8
5,500,500,7200,3173,2310.973850420459,2568.021948606745,2704.3110046345396,2239.771580458748,0.24476981105158493,4.020765637327826E8,5.2873004359916234E8
5,500,500,7380,3173,2317.26322511136,2576.960120359179,2712.268707068379,2243.920140511272,0.24476981105158496,4.111585879562757E8,5.2873004359916234E8
5,500,500,7560,3173,2323.66116598116,2585.832430538408,2720.142876500673,2248.1995018963644,0.24476981105158527,4.201735293589549E8,5.2873004359916234E8
5,500,500,7740,3173,2330.1640954396753,2594.6377005550085,2727.9342818456976,2252.60842849073,0.24476981105158502,4.2912026946678E8,5.2873004359916234E8
5,500,500,7920,3173,2336.768094211123,2603.3746038519794,2735.6430260420852,2257.145350294478,0.24476981105158482,4.379977298024593E8,5.2873004359916234E8
5,500,500,8100,3173,2343.4692722615428,2612.0422552593195,2743.266730754003,2261.8089572873355,0.2447698110515851,4.468048524337968E8,5.2873004359916234E8
5,500,500,8280,3173,2350.2648095904424,2620.639904731665,2750.8042535225945,2266.5980065028803,0.2447698110515854,4.555406130550063E8,5.2873004359916234E8
5,500,500,8460,3173,2357.151080829343,2629.166491235921,2758.2550348961186,2271.510649934617,0.24476981105158518,4.642040430656033E8,5.2873004359916234E8
5,500,500,8640,3173,2364.1239071520104,2637.62084698126,2765.619616293676,2276.5446377134845,0.24476981105158496,4.7279421537640554E8,5.2873004359916234E8
5,500,500,8820,3173,2371.1788631138406,2646.002213511483,2772.8986383179645,2281.6981941207373,0.24476981105158527,4.8131023195634896E8,5.2873004359916234E8
5,500,500,9000,3173,2378.312509814797,2654.3097908071904,2780.091807203382,2286.9692995221335,0.24476981105158463,4.8975123961826307E8,5.2873004359916234E8
5,500,500,9180,3173,2385.521966019393,2662.542809334487,2787.198364465382,2292.3558399648687,0.2447698110515851,4.981164182263993E8,5.2873004359916234E8
5,500,500,9360,3173,2392.803908694347,2670.700620730163,2794.21753415932,2297.855862634429,0.24476981105158557,5.064049773595226E8,5.2873004359916234E8
5,500,500,9540,3173,2400.1538602777277,2678.7824041282834,2801.1488567194724,2303.4667546896676,0.24476981105158557,5.1461618398062754E8,5.2873004359916234E8
5,500,500,9720,3173,2407.567014029123,2686.7872882779984,2807.9927572445285,2309.1854887838767,0.24476981105158518,5.227493525812527E8,5.2873004359916234E8
5,500,500,9900,2773.9752041778643,2426.0769564780226,2692.895760292604,2778.760550829328,2315.0189379266044,0.24476981105158527,5.2879313599121636E8,5.2873004359916234E8
5,500,500,10080,2423.6352586335856,2423.7073660748442,2693.2453795201236,2718.4940756780115,2320.960813118048,0.24476981105158527,5.2886295630835617E8,5.2873004359916234E8
5,500,500,10260,2430.755472414024,2430.7498198493813,2693.3075144213226,2705.1740366138097,2327.008834898473,0.24476981105158535,5.2886310506843555E8,5.2873004359916234E8
5,500,500,10440,2437.5671930883836,2437.5676604946843,2693.333924972321,2699.603000248206,2333.1489974210967,0.24476981105158463,5.2886310431821334E8,5.2873004359916234E8
5,500,500,10620,2444.28465194562,2444.285413110415,2693.34961320074,2696.3499749061057,2339.340163317297,0.2447698110515851,5.288630962691992E8,5.2873004359916234E8
5,500,500,10800,2450.9300112482665,2450.9302222329247,2693.358175385301,2694.6320950082395,2345.5778752213046,0.24476981105158535,5.288630940381173E8,5.2873004359916234E8
5,500,500,10980,2457.5267538154235,2457.5265878625905,2693.3622675966785,2693.8741761734204,2351.8513527223004,0.2447698110515854,5.288630938308503E8,5.2873004359916234E8
5,500,500,11160,2464.0852762209306,2464.085184265613,2693.363644528265,2693.6931632624587,2358.1586384122807,0.24476981105158518,5.2886309399059445E8,5.2873004359916234E8
5,500,500,11340,2470.6177477484557,2470.6178403524914,2693.3644371968862,2693.6262458544534,2364.491057147139,0.24476981105158527,5.2886309325171465E8,5.2873004359916234E8
5,500,500,11520,2477.1177440998426,2477.1178216448875,2693.3652170369132,2693.549365153718,2370.843887826179,0.2447698110515852,5.288630926276563E8,5.2873004359916234E8
5,500,500,11700,2483.5693073579064,2483.5692799314497,2693.3659620817143,2693.46804262838,2377.2132713299866,0.24476981105158527,5.2886309271190506E8,5.2873004359916234E8
5,500,500,11880,2489.9545944817414,2489.954550019647,2693.3665517409204,2693.409500143875,2383.595695976336,0.24476981105158527,5.288630929632249E8,5.2873004359916234E8
5,500,500,12060,2496.2599831321286,2496.2599884197552,2693.366958745893,2693.3806100044717,2389.9872946098426,0.2447698110515855,5.28863092935342E8,5.2873004359916234E8
5,500,500,12240,2502.4786519572,2502.478676321741,2693.367231798703,2693.371578776758,2396.3834170033156,0.24476981105158552,5.288630927794923E8,5.2873004359916234E8
5,500,500,12420,2508.6083631102974,2508.608365664028,2693.3674296771887,2693.3703074445953,2402.778677206702,0.2447698110515852,5.2886309275230896E8,5.2873004359916234E8
5,500,500,12600,2514.6477183619572,2514.6477063329953,2693.3675880194064,2693.3696445781957,2409.1673365265806,0.24476981105158496,5.288630928228998E8,5.2873004359916234E8
5,500,500,12780,2520.5942483162735,2520.594244439567,2693.3677183095238,2693.367669223102,2415.543724753651,0.24476981105158482,5.288630928502613E8,5.2873004359916234E8
5,500,500,12960,2526.444632201751,2526.444637603851,2693.3678185938834,2693.365409402591,2421.9024784965527,0.24476981105158482,5.2886309281867844E8,5.2873004359916234E8
5,500,500,13140,2532.195836469334,2532.195839630826,2693.367885331405,2693.3642300087126,2428.2385562026698,0.24476981105158527,5.288630927974036E8,5.2873004359916234E8
5,500,500,13320,2537.845262904702,2537.8452607849968,2693.3679187214448,2693.364560809618,2434.5471336808646,0.24476981105158496,5.2886309280901957E8,5.2873004359916234E8
5,500,500,13500,2543.390364316932,2543.390362228634,2693.367924607555,2693.3655462132588,2440.8235097142956,0.24476981105158446,5.288630928224336E8,5.2873004359916234E8
5,500,500,13680,2548.8293429900823,2548.829343641225,2693.3679113150247,2693.3658606574995,2447.0630806136373,0.2447698110515845,5.2886309281924945E8,5.2873004359916234E8
5,500,500,13860,2554.1609970828335,2554.160998302557,2693.367883729088,2693.3649115188314,2453.261363081752,0.24476981105158496,5.288630928116097E8,5.2873004359916234E8
5,500,500,14040,2559.383560714513,2559.3835606380017,2693.367840353374,2693.363369876729,2459.414027424242,0.2447698110515855,5.288630928116203E8,5.2873004359916234E8
5,500,500,14220,2564.495152538274,2564.4951518907615,2693.3677766994856,2693.3625409357987,2465.5169185820255,0.24476981105158574,5.288630928155726E8,5.2873004359916234E8
5,500,500,14400,2569.4949961348375,2569.4949960361823,2693.3676923997755,2693.362960440134,2471.566066267052,0.2447698110515854,5.2886309281640977E8,5.2873004359916234E8
5,500,500,14580,2574.3831940034443,2574.3831943174564,2693.3675931550815,2693.363755715775,2477.5576907376367,0.24476981105158482,5.2886309281454146E8,5.2873004359916234E8
5,500,500,14760,2579.158990413233,2579.158990531332,2693.3674848328064,2693.363672204357,2483.4882072917308,0.24476981105158493,5.288630928137107E8,5.2873004359916234E8
5,500,500,14940,2583.8211864990476,2583.8211864627947,2693.367369108891,2693.3626151258673,2489.353690840537,0.2447698110515852,5.288630928136996E8,5.2873004359916234E8
5,500,500,15120,2588.3696086851346,2588.3696086923446,2693.367243512938,2693.3617024323403,2495.151432635618,0.24476981105158527,5.288630928134932E8,5.2873004359916234E8
5,500,500,15300,2592.804082403973,2592.8040824194427,2693.3671034421404,2693.362241809773,2500.878247947514,0.24476981105158518,5.2886309281333244E8,5.2873004359916234E8
5,500,500,15480,2597.124874659994,2597.124874648264,2693.3669511326766,2693.363686359591,2506.531556653305,0.2447698110515854,5.2886309281338394E8,5.2873004359916234E8
5,500,500,15660,2601.3328084522273,2601.3328084455866,2693.3667990230992,2693.3634675406493,2512.108427071284,0.2447698110515854,5.2886309281344444E8,5.2873004359916234E8
5,500,500,15840,2605.4272613439935,2605.4272613523667,2693.3666495241077,2693.3614262683354,2517.606585158973,0.24476981105158482,5.2886309281339484E8,5.2873004359916234E8
5,500,500,16020,2609.407374458042,2609.4073744616844,2693.366491421405,2693.360303770564,2523.0234686987596,0.24476981105158518,5.288630928133478E8,5.2873004359916234E8
5,500,500,16200,2613.2750246291653,2613.2750246240785,2693.366320811337,2693.3609886039967,2528.3570718570827,0.24476981105158543,5.28863092813373E8,5.2873004359916234E8
5,500,500,16380,2617.0324541144537,2617.0324541111017,2693.3661435421695,2693.3621602185144,2533.6054983901026,0.24476981105158513,5.2886309281339586E8,5.2873004359916234E8
5,500,500,16560,2620.680448942798,2620.680448942998,2693.3659682327343,2693.3622366924956,2538.766454487787,0.24476981105158466,5.288630928133992E8,5.2873004359916234E8
5,500,500,16740,2624.2180640198794,2624.218064020209,2693.3657950052634,2693.361473178617,2543.838332284405,0.2447698110515855,5.288630928134E8,5.2873004359916234E8
5,500,500,16920,2627.645975346869,2627.6459753467507,2693.365619395297,2693.360912969759,2548.8198345399064,0.24476981105158552,5.2886309281340003E8,5.2873004359916234E8
5,500,500,17100,2630.966438147162,2630.9664381471166,2693.365441967081,2693.360627757561,2553.709654381086,0.24476981105158496,5.2886309281340003E8,5.2873004359916234E8
5,500,500,17280,2634.1806255231227,2634.1806255231445,2693.365263601762,2693.3605890231834,2558.506593842598,0.24476981105158502,5.2886309281340003E8,5.2873004359916234E8
5,500,500,17460,2637.289141500945,2637.2891415009403,2693.3650845789953,2693.36075905208,2563.2097318914416,0.24476981105158535,5.288630928134003E8,5.2873004359916234E8
5,500,500,17640,2640.2939317363343,2640.2939317363257,2693.36490643151,2693.3609089504153,2567.817982548986,0.24476981105158527,5.288630928134003E8,5.2873004359916234E8
5,500,500,17820,2643.197670374211,2643.197670374213,2693.364731636902,2693.3607192059208,2572.3305537567426,0.2447698110515854,5.288630928134003E8,5.2873004359916234E8
5,500,500,18000,2646.001211436188,2646.0012114361907,2693.3645591704194,2693.360400639174,2576.746924913697,0.24476981105158552,5.288630928134003E8,5.2873004359916234E8
